command, executeCount200807, userCount200807, executeCount200808, userCount200808, executeCount200809, userCount200809, executeCount200810, userCount200810, executeCount200811, userCount200811, executeCount200812, userCount200812, executeCount200901, userCount200901, executeCount200902, userCount200902, executeCount200903, userCount200903
org.eclipse.ant.ui.antShortcut.debug, 35, 12, 100, 26, 105, 50, 113, 46, 197, 79, 163, 81, 303, 78, 263, 97, 0, 0
org.eclipse.ant.ui.antShortcut.run, 5815, 1045, 8569, 1436, 10835, 1889, 16280, 2516, 18977, 2867, 19936, 3085, 20150, 3158, 21882, 3459, 6769, 1380
org.eclipse.ant.ui.antShortcutWithDialog.run, 1182, 379, 1831, 521, 2301, 665, 3401, 904, 3922, 1014, 4314, 1042, 4907, 1118, 5411, 1239, 1431, 425
org.eclipse.birt.report.designer.ui.command.copyAction, 26, 8, 123, 21, 127, 36, 148, 39, 225, 52, 236, 63, 286, 69, 335, 81, 97, 25
org.eclipse.birt.report.designer.ui.command.deleteCommand, 143, 48, 196, 46, 153, 43, 218, 73, 359, 98, 418, 105, 370, 107, 436, 134, 104, 38
org.eclipse.birt.report.designer.ui.command.deleteRowCommand, 31, 18, 60, 12, 89, 17, 48, 19, 56, 22, 62, 24, 83, 29, 94, 44, 0, 0
org.eclipse.birt.report.designer.ui.command.editBindingCommand, 21, 6, 39, 13, 59, 17, 66, 19, 86, 17, 87, 30, 65, 26, 90, 26, 10, 6
org.eclipse.birt.report.designer.ui.command.editGroupCommand, 17, 7, 0, 0, 16, 6, 28, 10, 45, 17, 0, 0, 16, 8, 41, 14, 0, 0
org.eclipse.birt.report.designer.ui.command.insertColumnCommand, 13, 6, 41, 20, 77, 22, 39, 16, 107, 37, 70, 41, 100, 40, 136, 46, 0, 0
org.eclipse.birt.report.designer.ui.command.insertGroupCommand, 20, 8, 20, 9, 35, 17, 36, 12, 59, 24, 32, 18, 63, 30, 84, 35, 0, 0
org.eclipse.birt.report.designer.ui.command.insertRowCommand, 11, 7, 48, 12, 53, 17, 33, 12, 64, 24, 62, 26, 61, 26, 106, 49, 32, 13
org.eclipse.birt.report.designer.ui.command.mergeCommand, 19, 6, 41, 8, 34, 9, 61, 18, 136, 24, 134, 32, 115, 22, 145, 43, 27, 6
org.eclipse.birt.report.designer.ui.command.newStyleCommand, 16, 9, 39, 19, 0, 0, 0, 0, 17, 7, 52, 24, 0, 0, 27, 20, 0, 0
org.eclipse.birt.report.designer.ui.command.pasteAction, 28, 10, 160, 22, 220, 37, 176, 44, 368, 59, 288, 63, 436, 70, 430, 82, 126, 28
org.eclipse.birt.report.designer.ui.ReportPerspective, 8, 7, 10, 8, 22, 12, 9, 7, 10, 6, 20, 18, 11, 7, 12, 10, 0, 0
org.eclipse.birt.report.item.crosstab.ui.createCrosstab, 49, 21, 37, 19, 17, 12, 0, 0, 33, 21, 42, 25, 33, 17, 39, 23, 14, 8
org.eclipse.cdt.debug.ui.localCShortcut.debug, 160, 100, 215, 122, 307, 184, 579, 340, 627, 367, 538, 304, 451, 265, 623, 357, 106, 61
org.eclipse.cdt.debug.ui.localCShortcut.run, 1307, 421, 1913, 526, 2450, 734, 4604, 1246, 5250, 1299, 4678, 1238, 4314, 1079, 4802, 1244, 1605, 437
org.eclipse.cdt.make.ui.targetBuildCommand, 11, 9, 53, 29, 47, 25, 156, 50, 106, 59, 109, 45, 199, 64, 163, 60, 0, 0
org.eclipse.cdt.make.ui.targetCreateCommand, 19, 14, 26, 19, 40, 28, 80, 57, 43, 35, 54, 45, 52, 41, 57, 48, 0, 0
org.eclipse.cdt.ui.CPerspective, 98, 63, 206, 94, 297, 142, 566, 271, 685, 308, 600, 271, 479, 245, 550, 282, 86, 49
org.eclipse.cdt.ui.edit.open.call.hierarchy, 464, 119, 608, 161, 603, 174, 963, 254, 1121, 325, 1394, 375, 1365, 324, 1731, 421, 440, 147
org.eclipse.cdt.ui.edit.open.include.browser, 7, 6, 19, 15, 11, 8, 33, 23, 39, 35, 28, 21, 51, 43, 25, 21, 0, 0
org.eclipse.cdt.ui.edit.open.outline, 185, 65, 220, 93, 316, 116, 421, 157, 573, 196, 592, 215, 510, 184, 581, 229, 161, 69
org.eclipse.cdt.ui.edit.open.quick.macro.explorer, 31, 19, 44, 36, 57, 16, 54, 43, 134, 69, 83, 49, 67, 39, 50, 28, 19, 15
org.eclipse.cdt.ui.edit.open.quick.type.hierarchy, 72, 48, 74, 44, 95, 50, 142, 96, 179, 117, 162, 110, 186, 117, 207, 149, 38, 21
org.eclipse.cdt.ui.edit.open.type.hierarchy, 166, 70, 213, 119, 260, 120, 633, 219, 511, 224, 406, 241, 379, 214, 562, 217, 79, 50
org.eclipse.cdt.ui.edit.opendecl, 7986, 746, 11924, 970, 12434, 1153, 15999, 1543, 19190, 1806, 20338, 1905, 21555, 1896, 24704, 2059, 7114, 990
org.eclipse.cdt.ui.edit.text.c.add.block.comment, 54, 17, 129, 39, 160, 40, 140, 51, 212, 62, 209, 75, 140, 61, 189, 65, 44, 18
org.eclipse.cdt.ui.edit.text.c.add.include, 34, 16, 37, 14, 45, 14, 71, 40, 134, 41, 105, 26, 66, 32, 98, 30, 0, 0
org.eclipse.cdt.ui.edit.text.c.find.word, 17, 11, 12, 10, 18, 12, 41, 24, 58, 24, 25, 15, 29, 14, 29, 21, 7, 7
org.eclipse.cdt.ui.edit.text.c.format, 2667, 372, 2961, 425, 3582, 522, 5293, 782, 6348, 886, 6763, 887, 5872, 837, 6093, 914, 2420, 410
org.eclipse.cdt.ui.edit.text.c.goto.matching.bracket, 519, 7, 62, 9, 159, 21, 142, 18, 137, 17, 99, 14, 233, 20, 330, 34, 84, 10
org.eclipse.cdt.ui.edit.text.c.goto.next.member, 53, 6, 39, 7, 89, 28, 249, 49, 223, 56, 343, 64, 307, 65, 406, 63, 36, 16
org.eclipse.cdt.ui.edit.text.c.indent, 659, 77, 599, 113, 1183, 159, 1420, 245, 1786, 321, 1893, 311, 1386, 276, 1857, 357, 452, 124
org.eclipse.cdt.ui.edit.text.c.toggle.comment, 2229, 343, 3877, 474, 3885, 557, 6025, 849, 7275, 934, 7339, 991, 7365, 957, 8110, 1055, 2869, 486
org.eclipse.cdt.ui.edit.text.c.toggle.source.header, 3509, 328, 4119, 393, 4585, 470, 6879, 657, 8318, 751, 8375, 784, 8695, 761, 9490, 867, 2845, 405
org.eclipse.cdt.ui.edit.text.c.toggleMarkOccurrences, 111, 37, 127, 41, 127, 45, 111, 47, 122, 49, 169, 60, 82, 38, 74, 33, 8, 6
org.eclipse.cdt.ui.edit.text.rename.element, 350, 136, 647, 174, 653, 198, 942, 288, 1313, 374, 1202, 385, 1110, 385, 1528, 424, 311, 129
org.eclipse.cdt.ui.navigate.opentype, 117, 65, 207, 91, 194, 85, 334, 132, 472, 175, 480, 164, 463, 170, 474, 151, 135, 55
org.eclipse.cdt.ui.refactor.extract.constant, 32, 17, 0, 0, 16, 7, 19, 16, 11, 11, 21, 20, 8, 7, 9, 7, 0, 0
org.eclipse.cdt.ui.refactor.extract.function, 24, 15, 19, 13, 14, 8, 19, 9, 26, 15, 14, 6, 30, 17, 15, 11, 0, 0
org.eclipse.cdt.ui.refactor.getters.and.setters, 16, 9, 29, 19, 28, 16, 36, 18, 22, 17, 41, 24, 53, 28, 31, 27, 0, 0
org.eclipse.cdt.ui.refactor.implement.method, 74, 32, 68, 30, 44, 18, 54, 33, 99, 42, 119, 45, 136, 63, 114, 51, 0, 0
org.eclipse.cdt.ui.search.finddecl, 91, 65, 157, 105, 181, 78, 252, 173, 272, 176, 255, 148, 325, 174, 336, 204, 44, 34
org.eclipse.cdt.ui.search.findrefs, 162, 50, 230, 80, 221, 78, 393, 108, 522, 134, 449, 154, 364, 139, 573, 163, 130, 38
org.eclipse.compare.copyAllLeftToRight, 49, 12, 0, 0, 43, 12, 112, 14, 181, 33, 188, 30, 313, 24, 141, 39, 0, 0
org.eclipse.compare.copyAllRightToLeft, 618, 197, 843, 289, 1221, 369, 1811, 630, 1986, 690, 2115, 675, 2054, 668, 2343, 815, 479, 217
org.eclipse.compare.copyLeftToRight, 195, 20, 212, 20, 411, 33, 636, 67, 954, 69, 1186, 89, 909, 100, 1121, 83, 108, 15
org.eclipse.compare.copyRightToLeft, 2421, 386, 3484, 517, 4712, 673, 7514, 1007, 8276, 1135, 9385, 1265, 8093, 1237, 12599, 1479, 3189, 503
org.eclipse.compare.ignoreWhiteSpace, 32, 18, 79, 39, 92, 41, 154, 67, 194, 89, 264, 105, 234, 104, 256, 115, 83, 43
org.eclipse.compare.selectNextChange, 2738, 133, 5616, 204, 6589, 241, 7660, 321, 9717, 375, 11311, 409, 13187, 405, 15302, 510, 4264, 159
org.eclipse.compare.selectPreviousChange, 38, 11, 70, 20, 76, 25, 156, 41, 168, 52, 84, 31, 176, 42, 214, 69, 41, 11
org.eclipse.datatools.connectivity.commands.addprofile, 92, 55, 111, 72, 119, 66, 105, 75, 127, 91, 153, 108, 132, 92, 118, 92, 27, 17
org.eclipse.datatools.sqltools.result.removeAllInstances, 83, 36, 88, 53, 54, 35, 140, 71, 158, 85, 162, 83, 77, 51, 155, 78, 33, 20
org.eclipse.datatools.sqltools.result.removeInstance, 19, 10, 0, 0, 13, 6, 47, 16, 57, 21, 32, 6, 45, 15, 46, 12, 0, 0
org.eclipse.datatools.sqltools.sqleditor.DMLDialogSelectionAction, 30, 22, 16, 10, 19, 13, 61, 40, 64, 43, 33, 19, 18, 15, 44, 25, 0, 0
org.eclipse.datatools.sqltools.sqleditor.ExecuteSelectionAction, 875, 77, 955, 98, 1084, 117, 2175, 196, 2930, 214, 2220, 184, 2524, 208, 3670, 245, 668, 86
org.eclipse.datatools.sqltools.sqleditor.ExecuteSQLAction, 545, 81, 612, 118, 716, 138, 1125, 217, 1153, 205, 948, 210, 784, 210, 1241, 225, 367, 74
org.eclipse.debug.ui.actions.WatchCommand, 29, 19, 15, 11, 27, 21, 80, 59, 59, 54, 65, 55, 91, 67, 97, 76, 12, 10
org.eclipse.debug.ui.commands.DebugLast, 9189, 1601, 13063, 2140, 19513, 3256, 35388, 5441, 41371, 6126, 39543, 5952, 38552, 5674, 43502, 6474, 13592, 2543
org.eclipse.debug.ui.commands.eof, 386, 178, 655, 299, 1449, 493, 2945, 1003, 3424, 1243, 3413, 1208, 2641, 1019, 2761, 1141, 1370, 464
org.eclipse.debug.ui.commands.OpenDebugConfigurations, 957, 376, 1421, 543, 2153, 802, 3344, 1350, 3459, 1437, 3977, 1492, 4385, 1549, 4964, 1853, 1320, 598
org.eclipse.debug.ui.commands.OpenProfileConfigurations, 9, 7, 13, 9, 0, 0, 20, 15, 27, 18, 14, 9, 22, 15, 16, 10, 0, 0
org.eclipse.debug.ui.commands.OpenRunConfigurations, 2703, 967, 3677, 1338, 6442, 2083, 11899, 3578, 12947, 3995, 12009, 3840, 12382, 3860, 14558, 4448, 4632, 1598
org.eclipse.debug.ui.commands.RemoveAllBreakpoints, 86, 53, 153, 84, 172, 107, 363, 243, 392, 262, 418, 269, 474, 295, 608, 359, 169, 109
org.eclipse.debug.ui.commands.Resume, 106126, 5831, 145426, 8041, 191397, 10298, 289010, 14529, 345335, 16943, 374306, 17885, 371654, 18065, 428382, 20422, 138497, 9610
org.eclipse.debug.ui.commands.RunLast, 28882, 2824, 46145, 3975, 68169, 6381, 122449, 10203, 134474, 11055, 125939, 10582, 120553, 10280, 138427, 11549, 48611, 4877
org.eclipse.debug.ui.commands.RunToLine, 393, 164, 589, 217, 1083, 313, 1607, 509, 2151, 536, 1948, 575, 1563, 537, 1842, 559, 405, 194
org.eclipse.debug.ui.commands.SkipAllBreakpoints, 38, 13, 28, 11, 76, 19, 159, 55, 156, 65, 123, 46, 142, 53, 231, 75, 31, 12
org.eclipse.debug.ui.commands.StepInto, 52790, 3556, 65381, 4733, 93844, 6187, 179869, 9235, 231735, 10731, 209909, 11158, 202124, 11074, 231960, 12585, 78618, 5165
org.eclipse.debug.ui.commands.StepOver, 371798, 5506, 514593, 7686, 685215, 9801, 1066457, 14080, 1250977, 16236, 1337795, 17331, 1316288, 17236, 1524687, 19508, 475205, 9030
org.eclipse.debug.ui.commands.StepReturn, 10638, 1554, 12786, 2042, 18478, 2631, 30306, 3851, 35587, 4503, 35011, 4802, 33726, 4630, 43079, 5272, 12217, 1948
org.eclipse.debug.ui.commands.Terminate, 13873, 3767, 19435, 5177, 25369, 6802, 40940, 10332, 47952, 12025, 49089, 12347, 48269, 12304, 56996, 13927, 17672, 5832
org.eclipse.debug.ui.commands.TerminateAndRelaunch, 177, 63, 256, 75, 373, 112, 678, 168, 640, 178, 684, 167, 875, 219, 854, 255, 235, 71
org.eclipse.debug.ui.commands.ToggleBreakpoint, 1355, 302, 2023, 428, 2600, 558, 4182, 931, 5158, 1031, 5399, 1079, 5058, 977, 5641, 1094, 1535, 400
org.eclipse.debug.ui.commands.ToggleStepFilters, 36, 24, 38, 25, 74, 41, 155, 65, 129, 75, 110, 73, 120, 70, 111, 85, 42, 24
org.eclipse.debug.ui.DebugPerspective, 699, 591, 868, 742, 1367, 1120, 2156, 1752, 2366, 1894, 2136, 1716, 1978, 1566, 2367, 1832, 689, 561
org.eclipse.dltk.ruby.debug.ui.launchShortcut.run, 16, 6, 0, 0, 0, 0, 0, 0, 244, 13, 104, 13, 330, 14, 0, 0, 0, 0
org.eclipse.ecf.presence.ui.commands.browse, 6, 6, 0, 0, 0, 0, 7, 7, 0, 0, 25, 21, 0, 0, 17, 13, 0, 0
org.eclipse.equinox.p2.ui.sdk.update, 28703, 12426, 26988, 12508, 30937, 14712, 45587, 21163, 45835, 21751, 44568, 21409, 44429, 21541, 48224, 23175, 15786, 8366
org.eclipse.help.ui.closeTray, 189, 98, 247, 112, 472, 202, 596, 306, 1259, 318, 689, 348, 571, 304, 690, 352, 208, 95
org.eclipse.jdt.debug.ui.breakpoint.properties, 27, 13, 38, 22, 61, 32, 112, 43, 104, 50, 87, 36, 111, 47, 99, 49, 21, 9
org.eclipse.jdt.debug.ui.commands.AddExceptionBreakpoint, 7, 7, 22, 17, 12, 9, 33, 25, 59, 46, 32, 27, 51, 38, 73, 53, 13, 10
org.eclipse.jdt.debug.ui.commands.Display, 713, 202, 1221, 295, 1353, 336, 1668, 463, 2101, 549, 2609, 565, 2279, 585, 2951, 671, 654, 193
org.eclipse.jdt.debug.ui.commands.Execute, 73, 19, 80, 37, 153, 52, 334, 95, 268, 101, 389, 119, 405, 124, 911, 131, 82, 28
org.eclipse.jdt.debug.ui.commands.Inspect, 3987, 893, 5238, 1168, 7339, 1561, 10617, 2155, 11738, 2430, 12513, 2666, 12773, 2688, 14807, 3066, 4421, 1190
org.eclipse.jdt.debug.ui.commands.StepIntoSelection, 35, 10, 25, 12, 60, 17, 51, 12, 55, 37, 53, 34, 46, 27, 41, 25, 17, 9
org.eclipse.jdt.debug.ui.javaAppletShortcut.debug, 23, 6, 23, 16, 30, 21, 112, 48, 128, 77, 118, 52, 119, 41, 120, 77, 8, 8
org.eclipse.jdt.debug.ui.javaAppletShortcut.run, 666, 204, 1004, 333, 1766, 575, 3395, 1004, 4076, 1254, 4264, 1148, 3228, 1065, 3626, 1155, 1047, 346
org.eclipse.jdt.debug.ui.localJavaShortcut.debug, 1356, 612, 2283, 958, 3480, 1380, 5628, 2320, 6377, 2543, 6308, 2596, 6372, 2502, 7550, 2883, 2158, 995
org.eclipse.jdt.debug.ui.localJavaShortcut.run, 24646, 4835, 37565, 6784, 61067, 10166, 100219, 15918, 116326, 18018, 112323, 17658, 104836, 17245, 121475, 19196, 39935, 7737
org.eclipse.jdt.junit.gotoTest, 12, 12, 9, 7, 32, 27, 62, 58, 50, 43, 46, 44, 36, 33, 49, 45, 12, 9
org.eclipse.jdt.junit.junitShortcut.debug, 811, 290, 1175, 445, 1579, 548, 2525, 874, 2267, 858, 2564, 929, 2584, 978, 3128, 1104, 951, 389
org.eclipse.jdt.junit.junitShortcut.rerunFailedFirst, 75, 30, 110, 35, 96, 38, 188, 59, 224, 54, 275, 76, 195, 79, 210, 65, 44, 10
org.eclipse.jdt.junit.junitShortcut.rerunLast, 7042, 823, 8417, 1121, 11252, 1405, 17815, 1950, 18831, 2183, 17758, 2190, 17222, 2082, 19344, 2400, 5730, 968
org.eclipse.jdt.junit.junitShortcut.run, 7860, 1865, 10373, 2411, 15555, 3245, 22114, 4446, 23113, 4799, 23341, 4909, 23465, 4883, 27175, 5489, 8686, 2276
org.eclipse.jdt.ui.correction.assignToLocal.assist, 93, 27, 110, 35, 152, 42, 244, 68, 163, 47, 240, 52, 190, 68, 292, 73, 15, 9
org.eclipse.jdt.ui.correction.renameInFile.assist, 342, 115, 500, 152, 639, 182, 587, 215, 761, 243, 831, 261, 792, 251, 870, 266, 190, 84
org.eclipse.jdt.ui.edit.text.java.add.block.comment, 870, 360, 1416, 551, 1859, 772, 3165, 1226, 3727, 1458, 3992, 1519, 3926, 1466, 4321, 1714, 1461, 675
org.eclipse.jdt.ui.edit.text.java.add.import, 2934, 606, 4116, 812, 5406, 1092, 7466, 1539, 7568, 1602, 8457, 1733, 7774, 1628, 9061, 1789, 2813, 795
org.eclipse.jdt.ui.edit.text.java.add.javadoc.comment, 3275, 680, 3485, 804, 5054, 1191, 7197, 1540, 7388, 1687, 7438, 1728, 6991, 1736, 7800, 1805, 2498, 734
org.eclipse.jdt.ui.edit.text.java.add.unimplemented.constructors, 256, 165, 331, 241, 407, 292, 728, 510, 887, 607, 927, 627, 740, 515, 854, 595, 259, 183
org.eclipse.jdt.ui.edit.text.java.change.type, 12, 7, 0, 0, 0, 0, 10, 10, 12, 9, 15, 13, 9, 9, 16, 10, 0, 0
org.eclipse.jdt.ui.edit.text.java.clean.up, 541, 200, 545, 194, 626, 255, 1014, 383, 947, 434, 881, 389, 978, 429, 1158, 458, 416, 148
org.eclipse.jdt.ui.edit.text.java.copy.qualified.name, 525, 291, 714, 440, 918, 566, 1526, 995, 1685, 1117, 1825, 1121, 1716, 1050, 2017, 1218, 559, 372
org.eclipse.jdt.ui.edit.text.java.correction.assist.proposals, 37933, 4721, 43292, 5624, 50190, 6917, 68452, 9157, 74378, 10075, 72438, 10079, 70695, 10033, 79009, 10930, 25103, 4903
org.eclipse.jdt.ui.edit.text.java.create.delegate.methods, 60, 37, 64, 48, 82, 72, 210, 140, 228, 179, 194, 137, 208, 155, 185, 143, 22, 18
org.eclipse.jdt.ui.edit.text.java.create.getter.setter, 6060, 2831, 8663, 4087, 11020, 5160, 16482, 7426, 18168, 8578, 19401, 8989, 17831, 8533, 20060, 9409, 6538, 3652
org.eclipse.jdt.ui.edit.text.java.externalize.strings, 31, 26, 83, 50, 57, 38, 164, 84, 129, 81, 191, 115, 165, 66, 180, 101, 29, 22
org.eclipse.jdt.ui.edit.text.java.extract.class, 66, 41, 56, 39, 79, 57, 168, 121, 173, 135, 232, 159, 193, 137, 212, 154, 29, 24
org.eclipse.jdt.ui.edit.text.java.extract.constant, 306, 129, 280, 149, 422, 178, 740, 287, 792, 333, 777, 310, 865, 288, 978, 395, 153, 78
org.eclipse.jdt.ui.edit.text.java.extract.interface, 133, 86, 153, 100, 160, 102, 238, 162, 398, 237, 267, 186, 303, 198, 334, 228, 72, 46
org.eclipse.jdt.ui.edit.text.java.extract.local.variable, 1738, 523, 1875, 640, 2226, 752, 2831, 975, 3044, 1051, 3090, 1073, 2927, 1028, 3495, 1195, 973, 452
org.eclipse.jdt.ui.edit.text.java.extract.method, 1202, 539, 1541, 697, 1746, 795, 2484, 1150, 2610, 1222, 2636, 1263, 2731, 1314, 2945, 1403, 868, 465
org.eclipse.jdt.ui.edit.text.java.extract.superclass, 22, 17, 21, 17, 38, 27, 80, 49, 110, 85, 81, 69, 64, 52, 93, 76, 15, 11
org.eclipse.jdt.ui.edit.text.java.format, 50138, 4779, 60010, 5933, 73951, 7774, 103727, 10735, 115440, 12221, 120314, 12381, 112939, 12048, 126685, 13158, 42490, 6116
org.eclipse.jdt.ui.edit.text.java.generate.constructor.using.fields, 577, 373, 882, 544, 1196, 725, 2235, 1256, 2498, 1387, 2419, 1356, 2414, 1328, 2618, 1437, 745, 482
org.eclipse.jdt.ui.edit.text.java.generate.hashcode.equals, 103, 60, 161, 92, 212, 109, 283, 166, 430, 253, 356, 219, 361, 213, 410, 225, 102, 63
org.eclipse.jdt.ui.edit.text.java.goto.matching.bracket, 507, 160, 707, 186, 712, 227, 1447, 377, 1815, 434, 1464, 481, 1329, 425, 1532, 490, 553, 171
org.eclipse.jdt.ui.edit.text.java.goto.next.member, 426, 198, 1140, 256, 1085, 347, 2252, 648, 2192, 666, 2301, 757, 2069, 663, 2625, 772, 662, 231
org.eclipse.jdt.ui.edit.text.java.goto.previous.member, 210, 87, 528, 120, 769, 185, 1486, 324, 1497, 371, 1399, 395, 1494, 350, 1540, 410, 358, 121
org.eclipse.jdt.ui.edit.text.java.gotoBreadcrumb, 628, 252, 367, 210, 466, 250, 657, 404, 758, 446, 688, 426, 758, 396, 790, 483, 169, 98
org.eclipse.jdt.ui.edit.text.java.indent, 4160, 1020, 4945, 1336, 6941, 1940, 11818, 3103, 13538, 3581, 12771, 3674, 12628, 3538, 15396, 3992, 4953, 1595
org.eclipse.jdt.ui.edit.text.java.infer.type.arguments, 18, 14, 55, 48, 59, 43, 108, 90, 173, 139, 190, 132, 110, 91, 147, 123, 17, 16
org.eclipse.jdt.ui.edit.text.java.inline, 384, 150, 456, 194, 531, 220, 847, 368, 929, 386, 1040, 393, 989, 413, 1070, 449, 251, 118
org.eclipse.jdt.ui.edit.text.java.introduce.indirection, 13, 8, 0, 0, 13, 6, 11, 6, 0, 0, 7, 6, 0, 0, 18, 16, 0, 0
org.eclipse.jdt.ui.edit.text.java.introduce.parameter, 30, 15, 27, 17, 13, 11, 33, 21, 9, 8, 12, 8, 27, 20, 45, 24, 0, 0
org.eclipse.jdt.ui.edit.text.java.introduce.parameter.object, 9, 8, 9, 7, 9, 8, 14, 11, 11, 10, 9, 8, 11, 9, 28, 24, 0, 0
org.eclipse.jdt.ui.edit.text.java.modify.method.parameters, 585, 208, 552, 260, 621, 304, 964, 458, 1074, 523, 1109, 557, 1089, 505, 1123, 574, 308, 176
org.eclipse.jdt.ui.edit.text.java.move.element, 1346, 696, 1802, 881, 2233, 1059, 2955, 1500, 3492, 1684, 3623, 1748, 3391, 1699, 3952, 1839, 974, 566
org.eclipse.jdt.ui.edit.text.java.move.inner.to.top.level, 49, 24, 31, 23, 57, 38, 77, 47, 154, 85, 109, 67, 155, 79, 102, 60, 35, 18
org.eclipse.jdt.ui.edit.text.java.open.call.hierarchy, 4709, 1285, 6076, 1630, 7963, 2124, 11505, 2889, 12826, 3232, 14184, 3534, 14046, 3561, 16054, 4054, 4623, 1692
org.eclipse.jdt.ui.edit.text.java.open.editor, 55368, 5782, 72804, 7765, 89410, 10015, 127538, 13684, 142268, 15438, 153377, 16429, 156610, 16758, 176353, 18527, 55982, 9278
org.eclipse.jdt.ui.edit.text.java.open.external.javadoc, 222, 106, 271, 125, 404, 157, 561, 274, 727, 329, 789, 321, 764, 347, 755, 372, 201, 113
org.eclipse.jdt.ui.edit.text.java.open.hierarchy, 5191, 1413, 6519, 1896, 7853, 2339, 11095, 3196, 12246, 3627, 13026, 3787, 12960, 3837, 15074, 4289, 4832, 1747
org.eclipse.jdt.ui.edit.text.java.open.type.hierarchy, 3456, 1492, 5049, 1966, 5579, 2375, 7919, 3407, 8693, 3806, 8221, 3953, 8785, 3883, 9320, 4241, 2666, 1543
org.eclipse.jdt.ui.edit.text.java.organize.imports, 33443, 5564, 43010, 7060, 52979, 8916, 74722, 11951, 83070, 13462, 86041, 13909, 83257, 13930, 93011, 15094, 30894, 7146
org.eclipse.jdt.ui.edit.text.java.override.methods, 1454, 783, 1846, 1027, 2333, 1304, 3353, 1864, 3410, 2002, 3635, 2101, 3546, 2064, 3803, 2187, 1224, 786
org.eclipse.jdt.ui.edit.text.java.promote.local.variable, 113, 42, 125, 60, 153, 67, 172, 88, 317, 159, 302, 127, 241, 125, 325, 158, 38, 21
org.eclipse.jdt.ui.edit.text.java.pull.up, 69, 48, 116, 75, 105, 77, 196, 117, 156, 123, 200, 129, 211, 154, 206, 137, 47, 35
org.eclipse.jdt.ui.edit.text.java.push.down, 16, 12, 14, 10, 9, 6, 28, 15, 21, 16, 34, 22, 49, 31, 27, 21, 7, 7
org.eclipse.jdt.ui.edit.text.java.quick.format, 28, 9, 57, 20, 43, 28, 73, 41, 177, 68, 95, 53, 78, 43, 108, 68, 32, 23
org.eclipse.jdt.ui.edit.text.java.refactor.quickMenu, 655, 255, 867, 353, 868, 380, 1339, 539, 1400, 630, 1458, 639, 1476, 588, 1751, 661, 408, 209
org.eclipse.jdt.ui.edit.text.java.remove.block.comment, 159, 88, 266, 140, 435, 217, 635, 307, 738, 385, 707, 374, 866, 414, 867, 475, 225, 134
org.eclipse.jdt.ui.edit.text.java.rename.element, 18376, 5151, 24410, 6870, 29454, 8682, 44508, 12599, 51706, 14713, 52880, 15011, 51997, 14821, 56206, 16248, 17836, 6528
org.eclipse.jdt.ui.edit.text.java.search.declarations.in.hierarchy, 6, 6, 12, 8, 0, 0, 18, 10, 28, 18, 23, 11, 12, 10, 15, 10, 0, 0
org.eclipse.jdt.ui.edit.text.java.search.declarations.in.project, 45, 29, 66, 42, 142, 81, 246, 136, 279, 152, 264, 166, 304, 178, 307, 157, 52, 41
org.eclipse.jdt.ui.edit.text.java.search.declarations.in.workspace, 474, 320, 622, 429, 900, 593, 1373, 897, 1653, 1046, 1649, 1062, 1732, 1127, 1893, 1210, 558, 391
org.eclipse.jdt.ui.edit.text.java.search.occurrences.in.file, 10, 6, 0, 0, 21, 10, 11, 6, 18, 11, 40, 8, 26, 8, 29, 12, 0, 0
org.eclipse.jdt.ui.edit.text.java.search.occurrences.in.file.quickMenu, 204, 59, 186, 56, 325, 113, 249, 77, 459, 164, 534, 163, 543, 180, 478, 153, 86, 35
org.eclipse.jdt.ui.edit.text.java.search.references.in.hierarchy, 49, 25, 45, 27, 55, 38, 74, 50, 106, 73, 139, 103, 128, 91, 170, 112, 36, 30
org.eclipse.jdt.ui.edit.text.java.search.references.in.project, 2828, 843, 3839, 1205, 4511, 1487, 7342, 2178, 7471, 2334, 8424, 2510, 8641, 2681, 10347, 3006, 3148, 1178
org.eclipse.jdt.ui.edit.text.java.search.references.in.working.set, 11, 6, 0, 0, 9, 8, 30, 24, 33, 30, 38, 36, 42, 41, 18, 18, 0, 0
org.eclipse.jdt.ui.edit.text.java.search.references.in.workspace, 10215, 2200, 12910, 2874, 14736, 3471, 21270, 4508, 22715, 5054, 24494, 5372, 25726, 5713, 28164, 6201, 8327, 2694
org.eclipse.jdt.ui.edit.text.java.select.enclosing, 648, 45, 714, 68, 1112, 89, 1545, 111, 2131, 199, 1957, 184, 1887, 173, 2434, 202, 488, 59
org.eclipse.jdt.ui.edit.text.java.select.last, 42, 8, 33, 10, 29, 10, 132, 31, 88, 25, 110, 32, 101, 36, 129, 38, 21, 9
org.eclipse.jdt.ui.edit.text.java.select.next, 464, 61, 384, 98, 582, 121, 849, 194, 1110, 239, 957, 217, 812, 208, 1228, 245, 193, 57
org.eclipse.jdt.ui.edit.text.java.select.previous, 300, 66, 314, 100, 460, 115, 586, 177, 831, 241, 783, 226, 676, 223, 833, 240, 149, 57
org.eclipse.jdt.ui.edit.text.java.self.encapsulate.field, 80, 23, 127, 38, 170, 51, 284, 92, 352, 115, 373, 115, 331, 111, 468, 115, 60, 20
org.eclipse.jdt.ui.edit.text.java.show.outline, 9952, 1935, 12281, 2406, 14841, 3004, 20539, 3925, 21551, 4402, 24205, 4670, 24044, 4715, 27412, 5244, 8047, 2393
org.eclipse.jdt.ui.edit.text.java.sort.members, 431, 151, 431, 157, 518, 202, 762, 264, 862, 340, 769, 295, 772, 308, 787, 286, 255, 115
org.eclipse.jdt.ui.edit.text.java.source.quickMenu, 2330, 744, 2870, 941, 3436, 1198, 4850, 1558, 5061, 1776, 5664, 1885, 4963, 1766, 5549, 1952, 1717, 742
org.eclipse.jdt.ui.edit.text.java.surround.with.quickMenu, 151, 82, 275, 132, 348, 178, 446, 231, 504, 265, 531, 264, 459, 269, 550, 272, 103, 66
org.eclipse.jdt.ui.edit.text.java.surround.with.try.catch, 546, 298, 646, 386, 976, 508, 1369, 730, 1391, 760, 1466, 850, 1257, 784, 1561, 894, 384, 272
org.eclipse.jdt.ui.edit.text.java.toggle.comment, 23171, 3986, 31151, 5414, 41015, 6969, 60169, 9981, 71177, 11745, 76957, 12465, 76211, 12493, 86538, 13949, 28634, 6220
org.eclipse.jdt.ui.edit.text.java.toggleBreadcrumb, 1464, 591, 896, 359, 1059, 398, 1684, 594, 1680, 659, 1426, 541, 1387, 501, 1521, 554, 396, 145
org.eclipse.jdt.ui.edit.text.java.toggleMarkOccurrences, 1126, 422, 1046, 421, 1461, 608, 1885, 830, 2324, 995, 2120, 937, 2078, 915, 2271, 948, 663, 303
org.eclipse.jdt.ui.generate.javadoc, 269, 128, 500, 213, 856, 458, 1800, 829, 1771, 841, 1612, 753, 1703, 758, 1922, 891, 565, 280
org.eclipse.jdt.ui.JavaBrowsingPerspective, 328, 291, 454, 385, 847, 727, 1395, 1180, 1452, 1237, 1233, 1078, 1312, 1133, 1465, 1249, 443, 383
org.eclipse.jdt.ui.JavaPerspective, 2515, 1765, 3296, 2260, 4059, 2648, 6785, 4241, 7041, 4422, 7046, 4237, 6661, 4195, 7668, 4631, 2466, 1666
org.eclipse.jdt.ui.navigate.java.open.structure, 51, 28, 96, 47, 133, 63, 186, 81, 308, 124, 297, 113, 419, 145, 394, 129, 59, 24
org.eclipse.jdt.ui.navigate.open.type, 26686, 3621, 32216, 4466, 36625, 5396, 49221, 6783, 52046, 7663, 54247, 7896, 54064, 8127, 60242, 8936, 17999, 4549
org.eclipse.jdt.ui.navigate.open.type.in.hierarchy, 215, 114, 311, 166, 381, 220, 534, 305, 701, 404, 758, 402, 714, 415, 959, 517, 224, 135
org.eclipse.jst.j2ee.J2EEPerspective, 9, 9, 26, 22, 23, 19, 95, 79, 45, 39, 77, 71, 66, 43, 59, 42, 11, 7
org.eclipse.jst.pagedesigner.source, 39, 14, 155, 22, 171, 35, 149, 42, 209, 52, 286, 62, 175, 43, 178, 50, 29, 13
org.eclipse.jst.pagedesigner.vertical, 90, 25, 56, 21, 179, 52, 185, 63, 225, 77, 218, 77, 171, 60, 183, 57, 42, 20
org.eclipse.ltk.ui.refactoring.commands.deleteResources, 23620, 9396, 31214, 12521, 41605, 16859, 64744, 25856, 72706, 28901, 70447, 28523, 67994, 27441, 77736, 30987, 25479, 11866
org.eclipse.ltk.ui.refactoring.commands.moveResources, 284, 170, 352, 228, 433, 269, 603, 388, 632, 419, 661, 469, 770, 461, 948, 575, 207, 138
org.eclipse.ltk.ui.refactoring.commands.renameResource, 4255, 1808, 5808, 2606, 7336, 3256, 10477, 4680, 12260, 5557, 12849, 5754, 13001, 5779, 14895, 6419, 4800, 2312
org.eclipse.mylyn.context.ui.commands.interest.decrement, 220, 63, 131, 55, 187, 49, 185, 49, 272, 72, 213, 64, 194, 55, 246, 71, 122, 30
org.eclipse.mylyn.context.ui.commands.interest.increment, 28, 9, 24, 10, 0, 0, 33, 6, 0, 0, 22, 11, 0, 0, 25, 7, 0, 0
org.eclipse.mylyn.context.ui.commands.open.context.dialog, 25, 12, 52, 43, 50, 43, 85, 79, 169, 137, 117, 99, 110, 97, 108, 89, 15, 14
org.eclipse.mylyn.java.ui.editor.folding.auto, 436, 186, 232, 108, 353, 159, 631, 276, 649, 306, 417, 215, 538, 239, 574, 271, 123, 59
org.eclipse.mylyn.tasks.bugs.commands.newTaskFromMarker, 13, 13, 7, 6, 8, 8, 19, 17, 13, 13, 25, 23, 12, 12, 18, 17, 0, 0
org.eclipse.mylyn.tasks.ui.command.activateTask, 59, 46, 125, 81, 123, 99, 226, 172, 290, 218, 253, 197, 215, 171, 261, 209, 52, 46
org.eclipse.mylyn.tasks.ui.command.addTaskRepository, 688, 462, 560, 383, 589, 369, 760, 535, 683, 474, 708, 467, 642, 434, 637, 445, 164, 111
org.eclipse.mylyn.tasks.ui.command.deactivateAllTasks, 15, 9, 0, 0, 22, 16, 30, 16, 43, 32, 47, 19, 37, 23, 16, 12, 0, 0
org.eclipse.mylyn.tasks.ui.command.markTaskComplete, 27, 15, 61, 34, 64, 33, 91, 30, 53, 18, 86, 41, 55, 22, 50, 28, 10, 9
org.eclipse.mylyn.tasks.ui.command.markTaskRead, 109, 18, 57, 12, 64, 21, 87, 20, 53, 10, 62, 16, 89, 21, 41, 8, 0, 0
org.eclipse.mylyn.tasks.ui.command.new.local.task, 80, 34, 68, 22, 64, 34, 81, 40, 115, 48, 83, 40, 111, 52, 112, 45, 15, 11
org.eclipse.mylyn.tasks.ui.command.openRemoteTask, 9, 8, 28, 12, 21, 15, 30, 22, 10, 9, 30, 17, 11, 8, 0, 0, 0, 0
org.eclipse.mylyn.tasks.ui.command.openTask, 309, 259, 398, 333, 533, 418, 896, 782, 1045, 870, 917, 767, 884, 736, 1066, 920, 255, 220
org.eclipse.mylyn.tasks.ui.command.searchForTask, 7, 6, 0, 0, 12, 9, 12, 10, 23, 13, 22, 16, 14, 12, 29, 21, 0, 0
org.eclipse.pde.runtime.spy.commands.spyCommand, 54, 22, 44, 18, 28, 14, 72, 27, 34, 15, 44, 13, 32, 13, 0, 0, 0, 0
org.eclipse.pde.ui.EquinoxLaunchShortcut.run, 14, 14, 0, 0, 14, 6, 31, 20, 32, 26, 17, 13, 47, 27, 22, 18, 7, 6
org.eclipse.pde.ui.junitWorkbenchShortcut.run, 70, 20, 40, 19, 51, 11, 49, 16, 78, 30, 53, 29, 56, 23, 66, 24, 13, 10
org.eclipse.pde.ui.openPluginArtifact, 30, 21, 34, 33, 66, 55, 90, 70, 147, 125, 144, 127, 139, 123, 133, 112, 30, 29
org.eclipse.pde.ui.runtimeWorkbenchShortcut.debug, 11, 7, 22, 15, 13, 7, 23, 10, 62, 22, 52, 25, 64, 23, 78, 30, 0, 0
org.eclipse.pde.ui.runtimeWorkbenchShortcut.run, 429, 164, 467, 159, 792, 198, 880, 301, 1222, 374, 1443, 370, 1401, 365, 1527, 404, 358, 127
org.eclipse.quickdiff.toggle, 150, 68, 325, 70, 205, 108, 549, 230, 513, 276, 430, 216, 623, 232, 494, 255, 128, 67
org.eclipse.rap.ui.intro.installTarget, 24, 21, 17, 15, 8, 6, 26, 18, 0, 0, 13, 10, 10, 9, 14, 13, 0, 0
org.eclipse.rse.terminals.ui.actions.LaunchTerminalCommand, 79, 47, 67, 25, 29, 12, 80, 27, 106, 44, 117, 38, 97, 41, 134, 44, 7, 6
org.eclipse.search.ui.openFileSearchPage, 6780, 1742, 9795, 2463, 12610, 3185, 17683, 4384, 20280, 5048, 23405, 5653, 24478, 5925, 27722, 6664, 8561, 2871
org.eclipse.search.ui.openSearchDialog, 11397, 2963, 14540, 3970, 19580, 5109, 27619, 7015, 29896, 7876, 32295, 8550, 35100, 9087, 38394, 9895, 11713, 4049
org.eclipse.search.ui.performTextSearchFile, 50, 26, 67, 39, 150, 63, 143, 63, 226, 114, 218, 129, 202, 107, 343, 161, 28, 20
org.eclipse.search.ui.performTextSearchProject, 241, 99, 258, 106, 437, 177, 668, 229, 1030, 319, 1260, 352, 1346, 340, 1177, 389, 314, 126
org.eclipse.search.ui.performTextSearchWorkingSet, 12, 8, 18, 10, 21, 12, 50, 32, 81, 55, 79, 39, 56, 38, 105, 53, 17, 11
org.eclipse.search.ui.performTextSearchWorkspace, 348, 163, 471, 236, 691, 306, 1269, 515, 1656, 620, 1749, 628, 1525, 581, 1933, 664, 576, 207
org.eclipse.team.cvs.ui.add, 52, 27, 89, 44, 91, 53, 139, 83, 117, 58, 155, 84, 104, 68, 172, 85, 40, 21
org.eclipse.team.cvs.ui.addLocation, 69, 54, 124, 93, 162, 115, 254, 179, 251, 172, 237, 167, 233, 172, 263, 184, 45, 38
org.eclipse.team.cvs.ui.branch, 29, 16, 24, 15, 62, 29, 66, 29, 120, 66, 112, 73, 145, 88, 145, 79, 34, 21
org.eclipse.team.cvs.ui.commit, 9288, 1698, 11908, 2162, 15131, 2906, 22148, 3798, 24430, 4303, 26720, 4638, 25759, 4740, 28974, 5114, 8475, 2442
org.eclipse.team.cvs.ui.commitAll, 152, 39, 97, 35, 128, 43, 171, 66, 337, 106, 296, 105, 309, 118, 308, 119, 52, 23
org.eclipse.team.cvs.ui.compareWithRemote, 1212, 443, 1573, 594, 2355, 734, 2926, 991, 3315, 1062, 3416, 1138, 3663, 1174, 4107, 1280, 1052, 483
org.eclipse.team.cvs.ui.compareWithRevision, 309, 158, 412, 219, 497, 257, 778, 381, 996, 448, 1023, 406, 1027, 428, 1169, 517, 342, 143
org.eclipse.team.cvs.ui.compareWithTag, 251, 99, 402, 166, 417, 165, 806, 280, 800, 292, 773, 290, 906, 347, 1163, 407, 301, 124
org.eclipse.team.cvs.ui.cvsPerspective, 51, 44, 101, 82, 139, 116, 195, 161, 204, 163, 194, 148, 180, 134, 231, 189, 51, 45
org.eclipse.team.cvs.ui.GenerateDiff, 14, 10, 21, 13, 32, 19, 35, 22, 76, 46, 61, 37, 67, 39, 62, 24, 6, 6
org.eclipse.team.cvs.ui.ignore, 277, 98, 319, 102, 372, 127, 468, 173, 723, 213, 890, 231, 677, 222, 872, 254, 107, 42
org.eclipse.team.cvs.ui.merge, 78, 26, 138, 35, 178, 68, 224, 81, 214, 92, 269, 106, 211, 102, 287, 101, 43, 24
org.eclipse.team.cvs.ui.replace, 858, 371, 1328, 537, 1517, 638, 1999, 857, 2234, 958, 2620, 1029, 2510, 1012, 3096, 1151, 783, 404
org.eclipse.team.cvs.ui.replaceWithBase, 75, 40, 99, 53, 138, 69, 285, 132, 224, 120, 302, 155, 305, 154, 389, 186, 65, 33
org.eclipse.team.cvs.ui.replaceWithRevision, 25, 15, 50, 26, 42, 21, 68, 46, 94, 64, 148, 81, 211, 84, 248, 79, 35, 24
org.eclipse.team.cvs.ui.replaceWithTag, 148, 50, 205, 65, 201, 75, 247, 122, 263, 119, 391, 150, 319, 160, 566, 195, 125, 52
org.eclipse.team.cvs.ui.showAnnotation, 93, 57, 136, 81, 174, 94, 173, 94, 225, 124, 233, 144, 162, 102, 201, 124, 36, 19
org.eclipse.team.cvs.ui.showHistory, 955, 377, 1487, 526, 1688, 669, 2410, 902, 2717, 1016, 3148, 1107, 3226, 1161, 3449, 1245, 1123, 439
org.eclipse.team.cvs.ui.sync, 5143, 1302, 6824, 1774, 8289, 2214, 12584, 2992, 14264, 3311, 16213, 3623, 16527, 3754, 17810, 4046, 5385, 1903
org.eclipse.team.cvs.ui.tag, 217, 85, 305, 106, 379, 132, 652, 203, 678, 226, 705, 274, 854, 277, 1008, 313, 225, 88
org.eclipse.team.cvs.ui.update, 7913, 1461, 10489, 2022, 13109, 2591, 19554, 3560, 23894, 4041, 27656, 4368, 26113, 4388, 28390, 4699, 9105, 2188
org.eclipse.team.cvs.ui.updateAll, 307, 88, 390, 113, 380, 130, 686, 188, 868, 239, 841, 242, 734, 225, 879, 277, 200, 99
org.eclipse.team.cvs.ui.updateSwitch, 143, 49, 209, 90, 454, 143, 473, 177, 443, 183, 569, 222, 585, 217, 683, 232, 128, 56
org.eclipse.team.svn.ui.command.AddToSVNCommand, 137, 67, 128, 68, 282, 129, 394, 196, 484, 214, 417, 188, 375, 189, 480, 229, 117, 62
org.eclipse.team.svn.ui.command.AddToSVNIgnoreCommand, 43, 30, 70, 32, 72, 45, 161, 89, 172, 97, 151, 86, 201, 105, 191, 108, 10, 8
org.eclipse.team.svn.ui.command.CleanupCommand, 37, 21, 77, 42, 68, 46, 129, 71, 152, 105, 176, 102, 121, 80, 215, 115, 26, 18
org.eclipse.team.svn.ui.command.CommitCommand, 3215, 829, 4241, 1041, 5582, 1278, 7426, 1695, 8410, 1990, 9467, 2180, 9128, 2081, 10219, 2300, 3201, 1051
org.eclipse.team.svn.ui.command.CompareWithLatestRevisionCommand, 209, 103, 249, 157, 380, 193, 473, 238, 643, 290, 786, 361, 720, 316, 833, 357, 198, 116
org.eclipse.team.svn.ui.command.CompareWithRevisionCommand, 10, 8, 21, 17, 68, 42, 117, 71, 169, 93, 132, 86, 213, 117, 207, 123, 36, 21
org.eclipse.team.svn.ui.command.CompareWithWorkingCopyCommand, 87, 51, 122, 76, 280, 101, 278, 120, 415, 165, 430, 162, 420, 159, 433, 182, 130, 52
org.eclipse.team.svn.ui.command.DisconnectCommand, 26, 17, 57, 38, 55, 43, 100, 60, 144, 90, 118, 75, 81, 54, 165, 99, 24, 14
org.eclipse.team.svn.ui.command.EditConflictsCommand, 30, 23, 30, 20, 42, 22, 79, 38, 62, 41, 79, 53, 30, 23, 131, 74, 7, 6
org.eclipse.team.svn.ui.command.EditPropertiesCommand, 19, 14, 43, 31, 65, 38, 55, 44, 56, 35, 51, 42, 91, 56, 141, 91, 6, 6
org.eclipse.team.svn.ui.command.MarkAsMergedCommand, 6, 6, 10, 9, 0, 0, 21, 8, 20, 13, 43, 24, 11, 8, 27, 17, 0, 0
org.eclipse.team.svn.ui.command.MergeCommand, 45, 12, 66, 24, 85, 32, 83, 35, 123, 55, 205, 77, 152, 57, 199, 61, 12, 9
org.eclipse.team.svn.ui.command.ReplaceWithLatestRevisionCommand, 114, 62, 216, 110, 241, 113, 285, 148, 401, 213, 469, 244, 453, 247, 598, 286, 164, 84
org.eclipse.team.svn.ui.command.RevertCommand, 289, 163, 492, 272, 567, 303, 802, 422, 950, 492, 1120, 561, 1036, 528, 1192, 607, 348, 212
org.eclipse.team.svn.ui.command.ShareProjectsCommand, 69, 39, 84, 47, 61, 32, 129, 86, 127, 69, 91, 54, 87, 46, 116, 65, 22, 9
org.eclipse.team.svn.ui.command.ShowResourceHistoryCommand, 443, 243, 584, 282, 860, 372, 1141, 552, 1173, 580, 1306, 659, 1347, 639, 1626, 751, 475, 279
org.eclipse.team.svn.ui.command.SwitchCommand, 35, 22, 63, 21, 66, 30, 116, 51, 182, 72, 194, 85, 179, 80, 333, 113, 27, 10
org.eclipse.team.svn.ui.command.SynchronizeCommand, 2203, 650, 3177, 850, 3843, 1024, 5045, 1337, 6141, 1539, 6896, 1677, 7262, 1792, 8201, 1935, 2486, 906
org.eclipse.team.svn.ui.command.UpdateCommand, 2189, 651, 3243, 867, 4215, 1019, 6078, 1466, 7307, 1708, 7708, 1876, 7412, 1887, 8414, 2019, 2674, 925
org.eclipse.team.ui.applyPatch, 369, 195, 410, 215, 467, 232, 578, 369, 678, 474, 777, 485, 724, 431, 890, 534, 212, 150
org.eclipse.team.ui.synchronizeAll, 584, 360, 638, 383, 743, 440, 1099, 629, 1166, 686, 1240, 680, 1399, 765, 1596, 772, 486, 289
org.eclipse.team.ui.synchronizeLast, 3709, 1185, 4841, 1538, 5860, 1840, 7892, 2471, 9262, 2944, 9276, 3017, 9412, 3100, 10802, 3454, 3137, 1408
org.eclipse.team.ui.TeamSynchronizingPerspective, 127, 119, 172, 157, 192, 165, 330, 283, 333, 294, 286, 243, 285, 265, 331, 292, 52, 52
org.eclipse.trace.ui.javaApplicationShortcut.profile, 37, 15, 24, 10, 23, 13, 19, 7, 0, 0, 9, 7, 19, 13, 0, 0, 0, 0
org.eclipse.ui.cheatsheets.openCheatSheet, 23, 10, 0, 0, 7, 6, 27, 21, 10, 9, 17, 16, 23, 19, 23, 21, 0, 0
org.eclipse.ui.console.ConsoleView, 9, 7, 0, 0, 0, 0, 0, 0, 0, 0, 0, 0, 0, 0, 0, 0, 0, 0
org.eclipse.ui.edit.addTask, 31, 24, 64, 53, 98, 63, 116, 83, 184, 137, 149, 106, 189, 117, 156, 107, 35, 28
org.eclipse.ui.edit.copy, 521097, 23255, 747934, 31447, 1000394, 44094, 1547383, 64652, 1819261, 75834, 1975675, 78591, 1938088, 77638, 2218449, 86079, 734032, 47936
org.eclipse.ui.edit.cut, 104085, 15725, 146636, 21597, 191405, 30155, 301749, 44883, 353353, 52927, 366442, 54546, 353545, 53800, 403303, 59740, 132397, 30469
org.eclipse.ui.edit.delete, 1165311, 23827, 1698656, 32084, 2319085, 44703, 3706423, 65669, 4373271, 75633, 4324240, 76857, 4228796, 75815, 4810694, 84151, 1562764, 44505
org.eclipse.ui.edit.findIncremental, 16207, 602, 15647, 781, 21257, 948, 27000, 1257, 28464, 1504, 32185, 1507, 29705, 1411, 34682, 1615, 10064, 699
org.eclipse.ui.edit.findIncrementalReverse, 790, 139, 1242, 206, 1414, 244, 1969, 333, 2247, 416, 2264, 440, 2148, 377, 2548, 467, 829, 138
org.eclipse.ui.edit.findNext, 37896, 1397, 50524, 1733, 71255, 2325, 103376, 3171, 117458, 3620, 131469, 3968, 135955, 4063, 148382, 4480, 45041, 2250
org.eclipse.ui.edit.findPrevious, 8113, 428, 11379, 564, 15033, 760, 23369, 1079, 31027, 1326, 33102, 1445, 37828, 1556, 39171, 1720, 11654, 839
org.eclipse.ui.edit.findReplace, 69302, 10563, 99979, 14786, 128962, 19158, 191929, 26857, 219803, 31479, 246295, 34114, 253219, 34905, 286051, 38839, 91257, 19571
org.eclipse.ui.edit.move, 178, 107, 248, 137, 255, 159, 382, 247, 444, 279, 395, 277, 511, 307, 592, 352, 145, 92
org.eclipse.ui.edit.paste, 769764, 26400, 1086831, 34932, 1456835, 48728, 2269445, 71383, 2670320, 82822, 2821313, 85093, 2756112, 84245, 3142080, 93313, 1037054, 51083
org.eclipse.ui.edit.redo, 27848, 3615, 37228, 4994, 54282, 6564, 81481, 9990, 97901, 11786, 105323, 12504, 99552, 12403, 111487, 14005, 39660, 5755
org.eclipse.ui.edit.rename, 6825, 2768, 9729, 3854, 12303, 4909, 17799, 7163, 20064, 8323, 21461, 8532, 20692, 8403, 23209, 9161, 7811, 3469
org.eclipse.ui.edit.selectAll, 22803, 7255, 31769, 10047, 43487, 13628, 69968, 20828, 83163, 24537, 88289, 25506, 82723, 24621, 95519, 27801, 32066, 11545
org.eclipse.ui.edit.text.clear.mark, 302, 43, 289, 48, 303, 67, 314, 86, 356, 96, 720, 123, 779, 114, 522, 124, 116, 40
org.eclipse.ui.edit.text.contentAssist.contextInformation, 1492, 691, 2167, 1022, 2294, 1213, 3450, 1732, 4136, 1940, 3788, 1975, 3940, 1898, 4357, 2108, 1295, 710
org.eclipse.ui.edit.text.contentAssist.proposals, 377256, 14270, 485356, 18456, 593613, 23815, 853786, 32595, 948474, 37550, 972945, 39051, 978616, 39627, 1079950, 42781, 348658, 22600
org.eclipse.ui.edit.text.copyLineDown, 5252, 670, 6354, 904, 7870, 1037, 10114, 1390, 11866, 1577, 12586, 1668, 12382, 1716, 15015, 1961, 4602, 996
org.eclipse.ui.edit.text.copyLineUp, 674, 229, 1017, 311, 1005, 374, 1633, 527, 1787, 602, 1830, 616, 1714, 616, 2037, 740, 577, 249
org.eclipse.ui.edit.text.cut.line.to.end, 7154, 194, 8254, 260, 11061, 347, 18397, 465, 19369, 541, 21337, 565, 22134, 580, 24133, 592, 5627, 285
org.eclipse.ui.edit.text.delete.line, 108580, 4657, 126148, 6054, 158947, 7564, 212251, 10256, 237825, 11891, 251133, 12645, 252144, 12529, 282552, 13959, 96561, 7180
org.eclipse.ui.edit.text.delete.line.to.end, 81, 32, 77, 40, 300, 82, 429, 112, 298, 146, 429, 130, 326, 130, 601, 165, 250, 44
org.eclipse.ui.edit.text.deleteNext, 7899, 159, 7033, 179, 10902, 246, 16236, 337, 19539, 383, 21105, 408, 22237, 438, 23684, 444, 6565, 216
org.eclipse.ui.edit.text.deleteNextWord, 9469, 826, 11142, 1018, 13588, 1346, 19475, 1824, 23705, 2110, 23574, 2146, 20743, 2087, 22753, 2301, 7355, 977
org.eclipse.ui.edit.text.deletePrevious, 2543, 27, 2146, 23, 3831, 36, 3020, 41, 3952, 55, 5244, 67, 5383, 63, 5736, 64, 1354, 29
org.eclipse.ui.edit.text.deletePreviousWord, 32185, 1776, 39546, 2199, 49014, 2859, 69583, 4075, 79583, 4723, 82066, 4795, 77067, 4726, 88032, 5198, 26604, 2420
org.eclipse.ui.edit.text.delimiter.unix, 13, 8, 48, 17, 47, 13, 22, 11, 48, 29, 40, 13, 66, 15, 76, 35, 16, 8
org.eclipse.ui.edit.text.delimiter.windows, 6, 6, 0, 0, 8, 7, 20, 17, 25, 22, 24, 23, 17, 15, 33, 18, 0, 0
org.eclipse.ui.edit.text.folding.collapse, 10, 6, 0, 0, 116, 6, 65, 13, 44, 17, 49, 15, 22, 7, 21, 9, 0, 0
org.eclipse.ui.edit.text.folding.collapse_all, 266, 78, 305, 98, 353, 121, 915, 259, 1158, 298, 1205, 340, 1107, 316, 1189, 361, 303, 101
org.eclipse.ui.edit.text.folding.expand, 9, 6, 0, 0, 24, 10, 75, 23, 84, 22, 35, 9, 45, 16, 55, 30, 0, 0
org.eclipse.ui.edit.text.folding.expand_all, 70, 33, 152, 50, 101, 56, 221, 78, 314, 107, 245, 103, 300, 108, 421, 152, 113, 36
org.eclipse.ui.edit.text.folding.restore, 9, 9, 0, 0, 14, 7, 21, 14, 23, 17, 28, 17, 51, 19, 30, 17, 0, 0
org.eclipse.ui.edit.text.folding.toggle, 183, 79, 169, 65, 251, 87, 504, 141, 712, 171, 496, 163, 439, 166, 777, 243, 99, 30
org.eclipse.ui.edit.text.goto.columnNext, 27154, 164, 20318, 177, 24789, 230, 35054, 312, 40996, 352, 45702, 388, 41878, 399, 45436, 436, 13798, 203
org.eclipse.ui.edit.text.goto.columnPrevious, 17771, 151, 14530, 157, 18172, 208, 25510, 271, 28150, 307, 28074, 335, 30553, 359, 34091, 388, 9476, 181
org.eclipse.ui.edit.text.goto.line, 3975, 1434, 5361, 1978, 6500, 2568, 9239, 3343, 10340, 3841, 11054, 4088, 11343, 4195, 12695, 4615, 3730, 1733
org.eclipse.ui.edit.text.goto.lineDown, 34123, 178, 30451, 211, 35005, 261, 57147, 349, 64740, 408, 65719, 446, 59786, 427, 74322, 459, 19577, 215
org.eclipse.ui.edit.text.goto.lineEnd, 425652, 15795, 566026, 21173, 718563, 28526, 1057555, 40082, 1196404, 46013, 1233734, 47535, 1217421, 47416, 1377125, 52321, 440083, 28049
org.eclipse.ui.edit.text.goto.lineStart, 359232, 13580, 462893, 17939, 576799, 23784, 820806, 33139, 913524, 37901, 957307, 39169, 966017, 39241, 1077978, 43293, 331713, 22747
org.eclipse.ui.edit.text.goto.lineUp, 27931, 168, 24473, 189, 29882, 244, 48439, 337, 54716, 396, 53308, 421, 49540, 395, 63856, 449, 15000, 215
org.eclipse.ui.edit.text.goto.pageDown, 660, 81, 825, 107, 929, 122, 1711, 187, 1559, 234, 1742, 215, 1551, 220, 2135, 282, 625, 95
org.eclipse.ui.edit.text.goto.pageUp, 363, 29, 187, 28, 746, 49, 892, 65, 428, 74, 983, 63, 760, 68, 961, 87, 296, 35
org.eclipse.ui.edit.text.goto.textEnd, 9189, 2670, 12141, 3703, 15237, 4610, 21294, 6287, 24141, 7151, 26146, 7605, 25916, 7626, 29860, 8548, 9468, 3700
org.eclipse.ui.edit.text.goto.textStart, 18929, 3754, 25773, 5115, 32774, 6388, 47605, 8716, 52253, 9817, 58059, 10376, 57558, 10497, 66615, 11688, 20456, 5619
org.eclipse.ui.edit.text.goto.wordNext, 345518, 6343, 448130, 8087, 561935, 10360, 772000, 14143, 877775, 16025, 877158, 16380, 886107, 16637, 993958, 18060, 305653, 9255
org.eclipse.ui.edit.text.goto.wordPrevious, 270713, 6334, 356450, 8169, 449476, 10521, 624635, 14159, 719517, 16080, 711883, 16532, 715297, 16595, 814580, 18265, 246755, 9308
org.eclipse.ui.edit.text.gotoLastEditPosition, 1889, 763, 2558, 996, 3410, 1304, 5437, 2044, 6306, 2376, 6191, 2448, 6029, 2330, 7099, 2755, 2181, 938
org.eclipse.ui.edit.text.hippieCompletion, 2970, 284, 3899, 334, 4600, 459, 6701, 661, 8664, 737, 9130, 789, 10649, 799, 9904, 735, 4218, 269
org.eclipse.ui.edit.text.join.lines, 72, 11, 56, 18, 86, 20, 208, 74, 209, 62, 320, 107, 312, 88, 255, 95, 57, 23
org.eclipse.ui.edit.text.lowerCase, 196, 67, 243, 103, 250, 113, 486, 212, 542, 240, 650, 272, 686, 272, 784, 274, 229, 69
org.eclipse.ui.edit.text.moveLineDown, 20339, 1079, 24388, 1450, 28800, 1770, 39216, 2308, 42998, 2671, 50432, 2841, 46977, 2838, 54112, 3195, 15133, 1388
org.eclipse.ui.edit.text.moveLineUp, 23876, 1251, 27490, 1603, 32166, 1927, 45316, 2501, 49011, 2872, 52539, 3064, 52588, 3059, 60022, 3483, 17864, 1535
org.eclipse.ui.edit.text.openLocalFile, 4339, 2147, 6492, 3131, 10935, 5150, 20389, 9065, 22817, 9937, 19691, 8906, 18955, 8558, 22534, 10064, 7320, 3610
org.eclipse.ui.edit.text.recenter, 169, 24, 117, 38, 140, 35, 307, 64, 314, 73, 367, 84, 316, 87, 327, 80, 155, 41
org.eclipse.ui.edit.text.scroll.lineDown, 36774, 1752, 43448, 2393, 50868, 2971, 72306, 4200, 77741, 4900, 86938, 5141, 82900, 4985, 88904, 5394, 30395, 2114
org.eclipse.ui.edit.text.scroll.lineUp, 18652, 1209, 23256, 1618, 28797, 2103, 42338, 3014, 45051, 3472, 50130, 3565, 49468, 3303, 51716, 3840, 14896, 1461
org.eclipse.ui.edit.text.select.lineEnd, 94278, 10806, 126492, 14362, 165406, 19025, 236916, 25994, 274829, 30112, 285210, 31270, 280800, 31465, 319258, 34592, 102420, 17804
org.eclipse.ui.edit.text.select.lineStart, 81689, 8514, 104741, 11222, 129784, 14788, 193573, 20539, 221746, 23618, 229860, 24394, 221673, 24442, 258324, 27012, 82935, 13301
org.eclipse.ui.edit.text.select.textEnd, 58, 31, 83, 49, 77, 57, 168, 112, 172, 111, 177, 121, 128, 85, 264, 148, 36, 30
org.eclipse.ui.edit.text.select.textStart, 17, 15, 19, 12, 60, 40, 98, 63, 111, 68, 119, 81, 97, 62, 147, 85, 25, 21
org.eclipse.ui.edit.text.select.wordNext, 178604, 5840, 226461, 7587, 290586, 9601, 404993, 12986, 469013, 14952, 482948, 15320, 485328, 15669, 544005, 16982, 168353, 8893
org.eclipse.ui.edit.text.select.wordPrevious, 185620, 5886, 233468, 7627, 298688, 9733, 415761, 13179, 479020, 15176, 489520, 15515, 493556, 15786, 555214, 17181, 170059, 8969
org.eclipse.ui.edit.text.set.mark, 1116, 107, 1006, 135, 1184, 172, 1983, 229, 1962, 244, 2123, 277, 2289, 291, 2372, 283, 669, 119
org.eclipse.ui.edit.text.shiftLeft, 2535, 375, 3406, 570, 4075, 690, 6025, 985, 8014, 1233, 7608, 1276, 7438, 1213, 8038, 1365, 2545, 550
org.eclipse.ui.edit.text.shiftRight, 150, 58, 274, 85, 301, 115, 410, 190, 631, 252, 626, 243, 625, 268, 830, 313, 227, 102
org.eclipse.ui.edit.text.showInformation, 6478, 3154, 8434, 3924, 11378, 5293, 16203, 7928, 18640, 8822, 19005, 8589, 17067, 8222, 18714, 9250, 6354, 3273
org.eclipse.ui.edit.text.showRulerContextMenu, 88, 56, 133, 97, 255, 177, 447, 323, 483, 345, 488, 336, 397, 290, 546, 389, 145, 98
org.eclipse.ui.edit.text.smartEnter, 5172, 2128, 6974, 2995, 10107, 4195, 16825, 6601, 17786, 7462, 18980, 7448, 16503, 6878, 19802, 8092, 6599, 3162
org.eclipse.ui.edit.text.smartEnterInverse, 259, 48, 182, 55, 238, 71, 470, 103, 563, 138, 1020, 128, 515, 118, 963, 188, 371, 58
org.eclipse.ui.edit.text.swap.mark, 9, 8, 40, 20, 54, 30, 47, 29, 41, 37, 64, 38, 68, 47, 58, 35, 14, 8
org.eclipse.ui.edit.text.toggleInsertMode, 24, 16, 17, 12, 40, 28, 78, 47, 53, 39, 101, 38, 61, 42, 140, 69, 11, 7
org.eclipse.ui.edit.text.toggleOverwrite, 6944, 2160, 10163, 3197, 14693, 4511, 24256, 7396, 29534, 8633, 30397, 8441, 25702, 7798, 29024, 8858, 9784, 3211
org.eclipse.ui.edit.text.toggleShowSelectedElementOnly, 194, 36, 156, 43, 171, 53, 228, 63, 282, 67, 267, 83, 130, 47, 223, 56, 0, 0
org.eclipse.ui.edit.text.toggleShowWhitespaceCharacters, 147, 57, 236, 82, 279, 100, 307, 112, 394, 132, 441, 151, 261, 95, 446, 148, 95, 36
org.eclipse.ui.edit.text.upperCase, 307, 103, 581, 159, 758, 287, 1364, 453, 1742, 472, 1686, 493, 1452, 475, 1445, 502, 517, 146
org.eclipse.ui.edit.undo, 302563, 17890, 415739, 24299, 577144, 33943, 938346, 50310, 1106849, 58782, 1157780, 60934, 1089139, 60178, 1254597, 66862, 429169, 34329
org.eclipse.ui.editors.lineNumberToggle, 580, 469, 655, 563, 911, 786, 1413, 1231, 1545, 1355, 1583, 1383, 1479, 1260, 1679, 1440, 491, 444
org.eclipse.ui.externalTools.commands.OpenExternalToolsConfigurations, 817, 354, 1154, 470, 1503, 556, 2252, 800, 2239, 878, 2407, 884, 2396, 869, 2820, 973, 636, 290
org.eclipse.ui.externaltools.ExternalToolMenuDelegateToolbar, 4811, 992, 7112, 1377, 8921, 2012, 13092, 3195, 16648, 3685, 16397, 3479, 16265, 3261, 16829, 3606, 5354, 1410
org.eclipse.ui.file.close, 37825, 3667, 44087, 4361, 49872, 5434, 69555, 7505, 76452, 8437, 81699, 8667, 81963, 8718, 88739, 9677, 27758, 4610
org.eclipse.ui.file.closeAll, 4925, 1946, 5730, 2443, 7089, 3120, 10359, 4503, 11098, 4937, 11400, 5082, 11397, 5053, 12533, 5523, 3953, 2393
org.eclipse.ui.file.exit, 5380, 2854, 6762, 3582, 8324, 4445, 12629, 6466, 13538, 6989, 13849, 7055, 14693, 7521, 16289, 8110, 5175, 3369
org.eclipse.ui.file.export, 8645, 1788, 12609, 2521, 17780, 3430, 28827, 5579, 32154, 6408, 35085, 6707, 36447, 6657, 40628, 7392, 12725, 2721
org.eclipse.ui.file.import, 21985, 6433, 28394, 8320, 38924, 11150, 63438, 17710, 71775, 20259, 70492, 19815, 67347, 19298, 77928, 21876, 24706, 8013
org.eclipse.ui.file.newQuickMenu, 362, 85, 415, 87, 597, 185, 1020, 295, 1165, 302, 998, 283, 918, 290, 1150, 304, 332, 101
org.eclipse.ui.file.print, 1024, 523, 1339, 799, 2438, 1299, 4790, 2333, 5584, 2588, 4927, 2600, 4460, 2308, 5671, 2736, 1634, 925
org.eclipse.ui.file.properties, 44330, 12352, 55765, 15640, 67633, 19397, 98863, 28406, 106698, 31297, 110677, 31786, 109571, 31502, 124041, 35296, 39380, 13638
org.eclipse.ui.file.refresh, 60686, 12149, 82653, 16395, 105037, 21303, 153535, 30335, 179661, 35115, 188985, 36663, 187071, 36177, 213668, 40207, 67749, 17923
org.eclipse.ui.file.restartWorkbench, 384, 328, 498, 426, 692, 591, 1146, 1004, 1353, 1161, 1227, 1040, 1364, 1155, 1531, 1288, 497, 436
org.eclipse.ui.file.revert, 175, 115, 251, 181, 346, 230, 422, 296, 523, 379, 508, 361, 519, 359, 557, 404, 111, 101
org.eclipse.ui.file.save, 1128741, 25171, 1545310, 33386, 1992255, 46299, 3080440, 66805, 3577234, 77520, 3729325, 80123, 3629929, 79836, 4117973, 88107, 1360736, 48867
org.eclipse.ui.file.saveAll, 18820, 1844, 26737, 2420, 37976, 3362, 55338, 4974, 63012, 5614, 65669, 5672, 63773, 5605, 70066, 6188, 23251, 2766
org.eclipse.ui.file.saveAs, 1003, 560, 1619, 923, 3732, 1995, 6463, 3338, 6924, 3501, 5617, 3065, 5488, 3001, 7045, 3633, 2154, 1300
org.eclipse.ui.help.aboutAction, 7072, 5108, 6249, 4651, 7242, 5363, 11028, 8043, 10925, 8154, 10993, 7950, 10084, 7621, 11494, 8567, 3713, 2885
org.eclipse.ui.help.dynamicHelp, 106, 90, 99, 97, 156, 139, 288, 257, 286, 264, 284, 253, 257, 229, 326, 287, 78, 67
org.eclipse.ui.help.helpContents, 1844, 1377, 1905, 1455, 2372, 1812, 3697, 2868, 3590, 2795, 3319, 2614, 3452, 2626, 3860, 2941, 1071, 887
org.eclipse.ui.help.helpSearch, 392, 328, 440, 369, 735, 633, 1170, 979, 1161, 979, 1081, 892, 1026, 876, 1272, 1077, 305, 279
org.eclipse.ui.help.quickStartAction, 935, 736, 905, 713, 1479, 1099, 2033, 1510, 1931, 1486, 1759, 1344, 1860, 1409, 2033, 1566, 573, 455
org.eclipse.ui.help.tipsAndTricksAction, 125, 118, 65, 59, 181, 175, 249, 239, 262, 241, 224, 211, 206, 192, 239, 221, 45, 41
org.eclipse.ui.ide.configureColumns, 43, 37, 14, 14, 20, 13, 18, 14, 34, 29, 27, 24, 26, 25, 32, 26, 0, 0
org.eclipse.ui.ide.configureFilters, 902, 452, 664, 362, 767, 370, 933, 463, 781, 426, 715, 409, 749, 418, 866, 474, 202, 106
org.eclipse.ui.ide.OpenMarkersView, 29, 26, 25, 23, 31, 29, 33, 29, 14, 13, 36, 32, 28, 26, 29, 26, 6, 6
org.eclipse.ui.navigate.backwardHistory, 39955, 4629, 55016, 6074, 67566, 7688, 94688, 10243, 107481, 11667, 116522, 12526, 118373, 12839, 132331, 14074, 41609, 6875
org.eclipse.ui.navigate.collapseAll, 5453, 1642, 6718, 2044, 8212, 2669, 11787, 3791, 12728, 4145, 13929, 4186, 13689, 4261, 15811, 4782, 4661, 2082
org.eclipse.ui.navigate.forwardHistory, 4634, 1394, 6472, 1950, 8521, 2392, 10817, 3192, 12575, 3704, 13581, 3813, 13589, 3942, 15062, 4317, 5002, 1720
org.eclipse.ui.navigate.goToResource, 43, 33, 92, 69, 117, 81, 198, 132, 226, 162, 237, 133, 253, 122, 234, 144, 37, 32
org.eclipse.ui.navigate.linkWithEditor, 8011, 2648, 9941, 3284, 11989, 3941, 17462, 5520, 18331, 6008, 19730, 6131, 20005, 6125, 22369, 6691, 6745, 2655
org.eclipse.ui.navigate.next, 30220, 1643, 37702, 2063, 43411, 2473, 59782, 3392, 63840, 3698, 72089, 3924, 74569, 3987, 78927, 4431, 25020, 1753
org.eclipse.ui.navigate.openResource, 27585, 3663, 36845, 4833, 46939, 5892, 65219, 7605, 71624, 8860, 81637, 9545, 82509, 9757, 93462, 10741, 29175, 5828
org.eclipse.ui.navigate.previous, 2065, 555, 2617, 749, 3284, 920, 4815, 1406, 5734, 1623, 5610, 1640, 5607, 1607, 6837, 1842, 2049, 622
org.eclipse.ui.navigate.selectWorkingSets, 15, 14, 7, 7, 7, 6, 21, 20, 26, 23, 0, 0, 20, 14, 12, 7, 0, 0
org.eclipse.ui.navigate.showInQuickMenu, 206, 55, 353, 106, 341, 116, 484, 166, 421, 149, 416, 184, 334, 126, 472, 195, 123, 60
org.eclipse.ui.newWizard, 21053, 9089, 26045, 11451, 32219, 14780, 49405, 22002, 54242, 24371, 52272, 23558, 50206, 22701, 56142, 25357, 18870, 9642
org.eclipse.ui.perspectives.showPerspective, 27369, 8598, 29688, 9431, 36048, 11491, 53277, 16808, 55282, 17853, 52611, 16985, 52958, 17243, 58851, 18892, 18952, 6910
org.eclipse.ui.project.buildAll, 31026, 2315, 40432, 3141, 53035, 4109, 85056, 6007, 96788, 6771, 98978, 6805, 89654, 6582, 101808, 7343, 33441, 3214
org.eclipse.ui.project.buildAutomatically, 1907, 1134, 2573, 1529, 3152, 1892, 4475, 2707, 5014, 2933, 5377, 3053, 5244, 3054, 5816, 3358, 1721, 1045
org.eclipse.ui.project.buildProject, 8847, 1256, 13733, 1819, 17663, 2372, 26332, 3434, 30882, 3839, 30206, 3982, 31572, 3965, 35172, 4314, 11042, 1763
org.eclipse.ui.project.cleanAction, 11766, 4509, 15684, 5797, 20009, 7206, 29107, 10159, 32824, 11431, 34593, 11681, 35509, 12001, 40167, 13291, 12035, 5175
org.eclipse.ui.project.closeProject, 7252, 3032, 9578, 3973, 13127, 5425, 20723, 8154, 23664, 9256, 24295, 9453, 23638, 9399, 26439, 10410, 8621, 4175
org.eclipse.ui.project.closeUnrelatedProjects, 127, 103, 140, 118, 195, 167, 341, 275, 437, 328, 441, 338, 429, 348, 533, 420, 133, 123
org.eclipse.ui.project.openProject, 4100, 1942, 5201, 2540, 6850, 3323, 9738, 4731, 11156, 5371, 11912, 5706, 11836, 5773, 13402, 6347, 4091, 2446
org.eclipse.ui.project.properties, 5066, 2313, 6959, 3071, 9609, 4162, 13403, 6197, 14832, 6809, 15083, 6712, 14724, 6757, 16456, 7534, 5101, 2573
org.eclipse.ui.resourcePerspective, 244, 183, 356, 246, 484, 318, 646, 469, 729, 500, 785, 477, 800, 503, 807, 582, 240, 160
org.eclipse.ui.ToggleCoolbarAction, 317, 153, 367, 164, 372, 186, 616, 269, 771, 341, 589, 296, 619, 298, 674, 307, 141, 75
org.eclipse.ui.update.findAndInstallUpdates, 252, 126, 183, 91, 157, 73, 296, 136, 249, 120, 198, 114, 176, 101, 227, 106, 35, 26
org.eclipse.ui.update.manageConfiguration, 41, 27, 20, 12, 22, 15, 52, 32, 31, 22, 16, 11, 22, 14, 30, 18, 22, 15
org.eclipse.ui.views.showView, 20314, 6781, 21680, 7576, 26007, 9252, 38300, 13588, 41258, 14634, 40327, 14538, 39440, 14294, 43672, 15706, 13648, 5419
org.eclipse.ui.window.activateEditor, 809, 414, 1159, 647, 2414, 907, 4247, 1654, 5130, 1882, 5888, 1807, 6265, 1679, 5744, 1869, 1300, 640
org.eclipse.ui.window.closeAllPerspectives, 41, 39, 62, 53, 80, 72, 158, 145, 180, 164, 170, 151, 160, 145, 157, 139, 42, 40
org.eclipse.ui.window.closePerspective, 2968, 1470, 2905, 1483, 3171, 1613, 4760, 2399, 4752, 2454, 5086, 2486, 5105, 2476, 5543, 2724, 1615, 919
org.eclipse.ui.window.customizePerspective, 1260, 836, 1186, 813, 1523, 1022, 2350, 1598, 2421, 1684, 2329, 1620, 2143, 1498, 2573, 1712, 800, 597
org.eclipse.ui.window.lockToolBar, 176, 117, 201, 105, 172, 111, 265, 177, 323, 205, 262, 171, 289, 173, 302, 185, 72, 51
org.eclipse.ui.window.maximizePart, 5243, 993, 6439, 1253, 8304, 1601, 12005, 2117, 13367, 2434, 14193, 2480, 13429, 2470, 14919, 2679, 4412, 1172
org.eclipse.ui.window.newEditor, 284, 243, 352, 282, 594, 469, 967, 783, 1034, 837, 931, 788, 856, 730, 1168, 926, 276, 251
org.eclipse.ui.window.newWindow, 274, 228, 341, 262, 511, 398, 874, 708, 877, 690, 799, 642, 830, 675, 974, 789, 295, 249
org.eclipse.ui.window.nextEditor, 12511, 802, 16380, 1012, 22502, 1300, 29284, 1609, 33579, 1921, 35023, 2007, 33892, 1995, 39703, 2248, 12713, 1167
org.eclipse.ui.window.nextPerspective, 705, 171, 979, 224, 1394, 290, 1957, 394, 2118, 429, 2011, 444, 2092, 502, 2263, 495, 590, 192
org.eclipse.ui.window.nextView, 369, 93, 556, 139, 560, 174, 971, 227, 1019, 299, 1155, 290, 1094, 291, 1135, 307, 375, 99
org.eclipse.ui.window.openEditorDropDown, 978, 421, 1630, 505, 1872, 638, 2417, 945, 2651, 1131, 2860, 1073, 2827, 1136, 3217, 1136, 842, 385
org.eclipse.ui.window.preferences, 687, 459, 489, 347, 664, 434, 801, 533, 760, 511, 683, 502, 721, 518, 814, 570, 201, 144
org.eclipse.ui.window.previousEditor, 38, 15, 22, 11, 123, 32, 29, 17, 73, 33, 53, 33, 36, 27, 100, 46, 7, 7
org.eclipse.ui.window.quickAccess, 707, 240, 717, 227, 571, 221, 988, 436, 902, 403, 977, 427, 911, 385, 1087, 440, 295, 126
org.eclipse.ui.window.resetPerspective, 481, 353, 487, 375, 648, 485, 1085, 815, 1090, 848, 1114, 825, 1171, 863, 1264, 894, 375, 311
org.eclipse.ui.window.savePerspective, 118, 81, 105, 75, 137, 96, 211, 157, 184, 124, 166, 137, 192, 141, 229, 175, 56, 39
org.eclipse.ui.window.showKeyAssist, 644, 367, 753, 411, 911, 481, 1234, 733, 1421, 798, 1399, 799, 1290, 725, 1485, 825, 355, 226
org.eclipse.ui.window.showSystemMenu, 95, 74, 131, 111, 154, 141, 380, 306, 343, 283, 363, 305, 334, 267, 400, 307, 109, 91
org.eclipse.ui.window.showViewMenu, 15, 13, 15, 10, 21, 21, 61, 53, 50, 43, 52, 43, 84, 60, 49, 44, 9, 9
org.eclipse.ui.window.switchToEditor, 123, 102, 206, 142, 250, 190, 355, 264, 348, 280, 563, 355, 437, 320, 529, 370, 108, 87
org.eclipse.ve.internal.java.core.vce.localJavaShortcut.run, 53, 8, 73, 18, 110, 33, 156, 51, 252, 88, 479, 103, 367, 80, 425, 100, 0, 0
org.eclipse.wst.jsdt.ui.edit.text.java.format, 193, 62, 542, 103, 292, 99, 659, 127, 747, 132, 973, 170, 476, 154, 532, 164, 233, 49
org.eclipse.wst.jsdt.ui.edit.text.java.open.editor, 72, 40, 71, 36, 219, 48, 227, 80, 195, 70, 172, 91, 210, 86, 276, 100, 44, 26
org.eclipse.wst.jsdt.ui.edit.text.java.rename.element, 17, 8, 0, 0, 15, 7, 12, 10, 7, 6, 8, 7, 7, 6, 16, 12, 0, 0
org.eclipse.wst.jsdt.ui.edit.text.java.toggle.comment, 111, 43, 349, 69, 387, 97, 706, 138, 567, 142, 863, 206, 511, 151, 912, 207, 249, 77
org.eclipse.wst.server.debug, 6494, 1429, 9068, 1939, 12014, 2526, 17483, 3367, 19676, 3837, 21753, 4248, 21345, 4212, 25065, 4736, 7455, 2281
org.eclipse.wst.server.launchShortcut.debug, 761, 305, 1284, 443, 1399, 534, 2328, 844, 2513, 929, 2629, 979, 2520, 974, 2970, 1023, 830, 364
org.eclipse.wst.server.launchShortcut.profile, 8, 7, 17, 14, 15, 8, 36, 23, 39, 25, 30, 21, 8, 7, 31, 17, 0, 0
org.eclipse.wst.server.launchShortcut.run, 12503, 2621, 17116, 3583, 20389, 4540, 32250, 6630, 37409, 7711, 37388, 7590, 35206, 7280, 39381, 7964, 13209, 3376
org.eclipse.wst.server.publish, 4171, 841, 5652, 1169, 7067, 1456, 10152, 1945, 11797, 2239, 12673, 2344, 12326, 2341, 14353, 2551, 4445, 1050
org.eclipse.wst.server.run, 17993, 3578, 24584, 4934, 32058, 6180, 45425, 8434, 52438, 9586, 57423, 10141, 54608, 10121, 62768, 11149, 20598, 5328
org.eclipse.wst.server.stop, 7855, 2793, 10425, 3813, 13539, 4787, 19311, 6512, 21680, 7435, 23837, 7996, 22651, 7811, 26416, 8618, 8181, 3703
org.eclipse.wst.sse.ui.add.block.comment, 193, 89, 330, 148, 423, 196, 600, 251, 827, 317, 877, 390, 857, 371, 986, 421, 257, 132
org.eclipse.wst.sse.ui.cleanup.document, 50, 30, 107, 41, 79, 46, 175, 84, 128, 78, 94, 58, 138, 85, 183, 98, 25, 19
org.eclipse.wst.sse.ui.format, 119, 86, 113, 90, 179, 124, 265, 200, 276, 216, 267, 217, 313, 202, 313, 211, 74, 42
org.eclipse.wst.sse.ui.format.active.elements, 239, 114, 442, 165, 699, 206, 875, 321, 804, 334, 935, 350, 1250, 385, 1106, 442, 268, 117
org.eclipse.wst.sse.ui.format.document, 7781, 1725, 9143, 2185, 10583, 2518, 14182, 3350, 14578, 3636, 16034, 3812, 15184, 3686, 17000, 4102, 5626, 1579
org.eclipse.wst.sse.ui.generate.xml, 12, 9, 43, 16, 53, 21, 67, 22, 85, 29, 114, 33, 59, 21, 45, 19, 0, 0
org.eclipse.wst.sse.ui.open.file.from.source, 1441, 315, 1129, 413, 1587, 527, 3125, 801, 2430, 850, 2946, 886, 3154, 990, 3430, 1057, 972, 360
org.eclipse.wst.sse.ui.structure.select.enclosing, 12, 6, 0, 0, 0, 0, 29, 15, 15, 6, 0, 0, 20, 6, 28, 7, 0, 0
org.eclipse.wst.sse.ui.structure.select.next, 106, 32, 114, 40, 162, 58, 189, 65, 324, 103, 262, 98, 332, 124, 415, 117, 29, 15
org.eclipse.wst.sse.ui.structure.select.previous, 109, 35, 164, 50, 175, 61, 235, 76, 277, 105, 369, 125, 298, 106, 376, 132, 55, 20
org.eclipse.wst.sse.ui.toggle.comment, 380, 110, 675, 213, 888, 268, 1489, 455, 1565, 481, 1922, 585, 2223, 634, 3368, 762, 856, 259
org.eclipse.wst.web.ui.webDevPerspective, 100, 99, 119, 116, 132, 126, 197, 189, 162, 158, 201, 197, 153, 150, 206, 193, 39, 38
org.eclipse.wst.xml.ui.nextSibling, 67, 23, 90, 42, 113, 52, 169, 84, 178, 104, 270, 90, 309, 73, 223, 76, 20, 12
org.eclipse.wst.xml.ui.previousSibling, 70, 17, 29, 13, 109, 19, 65, 27, 56, 33, 115, 33, 188, 26, 93, 41, 0, 0
org.eclipse.wst.xml.ui.reload.dependecies, 10, 6, 0, 0, 0, 0, 10, 8, 28, 15, 0, 0, 7, 6, 0, 0, 0, 0
org.eclipse.ant.ui.antShortcutWithDialog.debug, 0, 0, 10, 7, 19, 14, 20, 16, 21, 15, 48, 20, 30, 15, 61, 26, 0, 0
org.eclipse.birt.report.designer.ui.command.applyStyleCommand, 0, 0, 81, 15, 0, 0, 0, 0, 52, 11, 64, 9, 0, 0, 52, 13, 0, 0
org.eclipse.birt.report.designer.ui.command.cutCommand, 0, 0, 26, 8, 16, 7, 14, 8, 61, 24, 39, 15, 39, 10, 63, 19, 0, 0
org.eclipse.birt.report.designer.ui.command.deleteColumnCommand, 0, 0, 48, 15, 25, 13, 54, 12, 39, 14, 46, 19, 32, 15, 73, 30, 0, 0
org.eclipse.birt.report.designer.ui.command.editStyleCommand, 0, 0, 34, 12, 0, 0, 0, 0, 22, 7, 95, 18, 71, 7, 15, 9, 0, 0
org.eclipse.cdt.ui.edit.text.c.goto.prev.member, 0, 0, 10, 7, 13, 9, 158, 29, 58, 19, 206, 36, 322, 36, 154, 31, 18, 8
org.eclipse.datatools.connectivity.commands.import, 0, 0, 7, 6, 14, 10, 17, 13, 17, 17, 0, 0, 7, 7, 15, 15, 0, 0
org.eclipse.datatools.sqltools.debugger.perspectives.DebuggerPerspective, 0, 0, 7, 7, 0, 0, 0, 0, 6, 6, 7, 6, 8, 8, 0, 0, 0, 0
org.eclipse.datatools.sqltools.result.terminate, 0, 0, 16, 7, 12, 10, 26, 15, 21, 14, 25, 9, 14, 11, 25, 20, 0, 0
org.eclipse.dltk.ui.edit.text.script.rename.element, 0, 0, 11, 6, 14, 11, 18, 11, 31, 16, 27, 19, 87, 38, 87, 34, 12, 6
org.eclipse.jdt.debug.ui.commands.AllInstances, 0, 0, 11, 6, 0, 0, 0, 0, 0, 0, 0, 0, 0, 0, 13, 7, 0, 0
org.eclipse.jdt.ui.edit.text.java.convert.anonymous.to.nested, 0, 0, 11, 9, 14, 7, 13, 12, 45, 25, 17, 13, 11, 7, 13, 10, 0, 0
org.eclipse.jdt.ui.edit.text.java.search.implementors.in.workspace, 0, 0, 13, 8, 0, 0, 9, 6, 28, 13, 10, 9, 11, 8, 20, 11, 15, 6
org.eclipse.jdt.ui.refactor.migrate.jar, 0, 0, 18, 15, 15, 13, 81, 69, 84, 74, 69, 61, 82, 76, 88, 75, 7, 7
org.eclipse.jst.pagedesigner.design, 0, 0, 38, 6, 86, 28, 44, 13, 74, 11, 146, 22, 0, 0, 0, 0, 0, 0
org.eclipse.ltk.ui.refactor.create.refactoring.script, 0, 0, 6, 6, 9, 9, 12, 12, 23, 23, 30, 30, 17, 15, 16, 14, 9, 7
org.eclipse.team.svn.ui.command.BranchCommand, 0, 0, 8, 6, 14, 7, 10, 7, 14, 10, 26, 16, 35, 21, 52, 26, 0, 0
org.eclipse.team.svn.ui.command.CreatePatchCommand, 0, 0, 14, 6, 17, 12, 25, 17, 28, 20, 43, 24, 10, 8, 52, 26, 12, 6
org.eclipse.team.svn.ui.command.ShowAnnotationCommand, 0, 0, 26, 16, 9, 9, 53, 41, 59, 44, 57, 43, 56, 39, 67, 47, 12, 6
org.eclipse.team.svn.ui.command.TagCommand, 0, 0, 9, 6, 22, 10, 55, 26, 128, 40, 49, 24, 40, 23, 86, 41, 0, 0
org.eclipse.ui.edit.addBookmark, 0, 0, 37, 16, 53, 26, 54, 31, 59, 29, 70, 38, 79, 35, 70, 33, 12, 6
org.eclipse.ui.ide.deleteCompleted, 0, 0, 7, 6, 0, 0, 0, 0, 0, 0, 9, 8, 11, 8, 9, 6, 0, 0
org.eclipse.ui.navigate.back, 0, 0, 9, 6, 0, 0, 19, 11, 12, 9, 0, 0, 0, 0, 11, 6, 0, 0
org.eclipse.wst.jsdt.ui.edit.text.java.add.block.comment, 0, 0, 49, 14, 0, 0, 0, 0, 49, 19, 0, 0, 12, 7, 0, 0, 0, 0
org.eclipse.wst.jsdt.ui.edit.text.java.indent, 0, 0, 24, 7, 67, 15, 9, 6, 29, 11, 23, 17, 39, 21, 54, 19, 0, 0
org.eclipse.wst.jsdt.ui.edit.text.java.open.hierarchy, 0, 0, 8, 7, 9, 6, 9, 9, 0, 0, 9, 6, 14, 8, 8, 8, 0, 0
org.eclipse.wst.sse.ui.remove.block.comment, 0, 0, 31, 14, 35, 21, 28, 16, 89, 28, 69, 35, 86, 46, 152, 58, 30, 16
org.eclipse.wst.xml.ui.referencedFileErrors, 0, 0, 9, 6, 0, 0, 9, 6, 0, 0, 0, 0, 10, 6, 22, 9, 0, 0
org.eclipse.wst.xsd.ui.refactor.rename.element, 0, 0, 57, 15, 35, 8, 17, 9, 42, 17, 60, 29, 27, 12, 42, 17, 0, 0
org.eclipse.ajdt.launching.runShortcut.run, 0, 0, 0, 0, 25, 14, 98, 29, 125, 40, 152, 55, 222, 70, 121, 57, 21, 16
org.eclipse.ant.ui.renameInFile, 0, 0, 0, 0, 14, 6, 0, 0, 0, 0, 10, 6, 43, 15, 0, 0, 0, 0
org.eclipse.datatools.sqltools.sqleditor.perspectives.EditorPerspective, 0, 0, 0, 0, 17, 16, 20, 18, 40, 37, 14, 13, 31, 26, 21, 18, 0, 0
org.eclipse.debug.ui.commands.ToggleLineBreakpoint, 0, 0, 0, 0, 27, 13, 75, 27, 62, 23, 33, 22, 29, 21, 61, 26, 14, 11
org.eclipse.dltk.ui.edit.text.script.open.editor, 0, 0, 0, 0, 27, 6, 13, 7, 0, 0, 29, 9, 14, 8, 35, 13, 0, 0
org.eclipse.jdt.ui.navigate.gotopackage, 0, 0, 0, 0, 6, 6, 0, 0, 7, 6, 0, 0, 0, 0, 9, 8, 0, 0
org.eclipse.jdt.ui.specific_content_assist.command, 0, 0, 0, 0, 33, 8, 0, 0, 109, 16, 89, 18, 81, 17, 16, 6, 0, 0
org.eclipse.jst.pagedesigner.horizotal, 0, 0, 0, 0, 18, 7, 13, 8, 22, 7, 39, 12, 17, 6, 17, 6, 0, 0
org.eclipse.ltk.ui.refactor.show.refactoring.history, 0, 0, 0, 0, 6, 6, 10, 8, 8, 7, 12, 12, 18, 16, 25, 22, 8, 8
org.eclipse.php.server.ui.phpServerShortcut.run, 0, 0, 0, 0, 42, 7, 42, 7, 30, 7, 36, 15, 128, 51, 144, 38, 0, 0
org.eclipse.php.ui.edit.text.OpenDeclaration, 0, 0, 0, 0, 20, 6, 74, 14, 104, 10, 124, 22, 472, 88, 608, 86, 108, 25
org.eclipse.shortcut.scala.run, 0, 0, 0, 0, 49, 6, 146, 18, 114, 23, 58, 16, 246, 28, 67, 16, 16, 9
org.eclipse.team.cvs.ui.setKeywordSubstitution, 0, 0, 0, 0, 10, 7, 0, 0, 26, 9, 16, 11, 52, 24, 73, 20, 0, 0
org.eclipse.team.svn.ui.command.CopyUrlCommand, 0, 0, 0, 0, 14, 6, 22, 6, 60, 7, 0, 0, 36, 18, 27, 15, 0, 0
org.eclipse.team.svn.ui.command.SetPropertyCommand, 0, 0, 0, 0, 16, 7, 0, 0, 23, 15, 25, 16, 30, 18, 33, 16, 0, 0
org.eclipse.team.svn.ui.repository.RepositoryPerspective, 0, 0, 0, 0, 22, 14, 12, 11, 11, 8, 15, 13, 15, 12, 24, 16, 0, 0
org.eclipse.ui.project.buildLast, 0, 0, 0, 0, 21, 6, 18, 9, 38, 9, 94, 9, 94, 17, 44, 13, 46, 9
org.eclipse.ui.window.previousPerspective, 0, 0, 0, 0, 53, 17, 47, 24, 70, 39, 37, 19, 31, 19, 16, 14, 9, 6
org.eclipse.wst.jsdt.ui.edit.text.java.search.declarations.in.workspace, 0, 0, 0, 0, 8, 6, 14, 10, 0, 0, 0, 0, 15, 12, 20, 18, 0, 0
org.eclipse.wst.jsdt.ui.edit.text.java.show.outline, 0, 0, 0, 0, 17, 7, 28, 12, 38, 14, 30, 11, 22, 12, 31, 18, 7, 6
org.eclipse.cdt.ui.navigate.open.type.in.hierarchy, 0, 0, 0, 0, 0, 0, 19, 15, 11, 7, 18, 10, 10, 6, 16, 12, 0, 0
org.eclipse.datatools.connectivity.commands.export, 0, 0, 0, 0, 0, 0, 6, 6, 0, 0, 0, 0, 7, 6, 0, 0, 0, 0
org.eclipse.datatools.sqltools.sqlscrapbook.commands.openscrapbook, 0, 0, 0, 0, 0, 0, 23, 15, 75, 55, 70, 51, 72, 51, 108, 74, 9, 8
org.eclipse.debug.ui.commands.ProfileLast, 0, 0, 0, 0, 0, 0, 18, 9, 8, 6, 0, 0, 0, 0, 0, 0, 0, 0
org.eclipse.debug.ui.commands.Suspend, 0, 0, 0, 0, 0, 0, 11, 10, 7, 7, 17, 11, 32, 21, 29, 23, 0, 0
org.eclipse.debug.ui.commands.ToggleMethodBreakpoint, 0, 0, 0, 0, 0, 0, 13, 7, 23, 7, 38, 11, 15, 8, 18, 10, 0, 0
org.eclipse.debug.ui.commands.ToggleWatchpoint, 0, 0, 0, 0, 0, 0, 7, 6, 15, 7, 14, 7, 13, 8, 15, 9, 0, 0
org.eclipse.gef.zoom_in, 0, 0, 0, 0, 0, 0, 17, 9, 20, 8, 27, 8, 0, 0, 0, 0, 0, 0
org.eclipse.gef.zoom_out, 0, 0, 0, 0, 0, 0, 22, 13, 0, 0, 0, 0, 0, 0, 0, 0, 0, 0
org.eclipse.jdt.debug.ui.commands.AddClassPrepareBreakpoint, 0, 0, 0, 0, 0, 0, 6, 6, 20, 15, 24, 21, 8, 8, 31, 28, 9, 9
org.eclipse.jdt.debug.ui.commands.Watch, 0, 0, 0, 0, 0, 0, 24, 13, 28, 17, 12, 10, 8, 6, 11, 10, 0, 0
org.eclipse.jdt.ui.edit.text.java.search.implementors.in.project, 0, 0, 0, 0, 0, 0, 7, 6, 0, 0, 0, 0, 13, 7, 11, 7, 0, 0
org.eclipse.jdt.ui.edit.text.java.search.write.access.in.workspace, 0, 0, 0, 0, 0, 0, 8, 8, 0, 0, 0, 0, 0, 0, 0, 0, 0, 0
org.eclipse.jdt.ui.navigate.gototype, 0, 0, 0, 0, 0, 0, 23, 8, 0, 0, 0, 0, 0, 0, 0, 0, 0, 0
org.eclipse.jst.jsp.ui.refactor.rename, 0, 0, 0, 0, 0, 0, 21, 16, 10, 8, 0, 0, 14, 7, 15, 8, 0, 0
org.eclipse.photran.ui.CommentCommand, 0, 0, 0, 0, 0, 0, 11, 6, 0, 0, 0, 0, 0, 0, 0, 0, 0, 0
org.eclipse.rap.ui.launch.RAPLaunchShortcut.run, 0, 0, 0, 0, 0, 0, 34, 12, 0, 0, 11, 6, 0, 0, 0, 0, 0, 0
org.eclipse.team.svn.ui.command.CompareWithBranchCommand, 0, 0, 0, 0, 0, 0, 11, 6, 11, 10, 0, 0, 15, 6, 0, 0, 0, 0
org.eclipse.team.svn.ui.command.ReplaceWithBranchCommand, 0, 0, 0, 0, 0, 0, 12, 6, 0, 0, 0, 0, 0, 0, 0, 0, 0, 0
org.eclipse.ui.edit.text.cut.line, 0, 0, 0, 0, 0, 0, 61, 7, 178, 9, 135, 11, 66, 7, 79, 7, 0, 0
org.eclipse.ui.window.previousView, 0, 0, 0, 0, 0, 0, 11, 9, 23, 14, 10, 7, 19, 11, 7, 6, 0, 0
org.eclipse.uml2.search.common.ui.handlers.OpenFilteredUMLClassMetaElementSelectionDialogHandler, 0, 0, 0, 0, 0, 0, 10, 7, 0, 0, 0, 0, 6, 6, 0, 0, 0, 0
org.eclipse.wst.jsdt.ui.JavaPerspective, 0, 0, 0, 0, 0, 0, 19, 17, 28, 26, 6, 6, 10, 9, 16, 14, 7, 7
org.eclipse.wst.jsdt.ui.navigate.open.type, 0, 0, 0, 0, 0, 0, 17, 16, 0, 0, 0, 0, 0, 0, 0, 0, 0, 0
org.eclipse.wst.sse.ui.search.find.occurrences, 0, 0, 0, 0, 0, 0, 33, 17, 8, 8, 24, 16, 22, 13, 0, 0, 0, 0
org.eclipse.wst.xml.ui.gotoMatchingTag, 0, 0, 0, 0, 0, 0, 24, 8, 21, 6, 0, 0, 0, 0, 8, 6, 0, 0
org.eclipse.datatools.connectivity.commands.showcategory, 0, 0, 0, 0, 0, 0, 0, 0, 26, 16, 15, 8, 0, 0, 24, 8, 16, 6
org.eclipse.datatools.sqltools.sqleditor.toggleCommentAction, 0, 0, 0, 0, 0, 0, 0, 0, 25, 7, 0, 0, 0, 0, 0, 0, 0, 0
org.eclipse.jdt.ui.edit.text.java.folding.collapseMembers, 0, 0, 0, 0, 0, 0, 0, 0, 9, 8, 0, 0, 0, 0, 0, 0, 0, 0
org.eclipse.jdt.ui.edit.text.java.introduce.factory, 0, 0, 0, 0, 0, 0, 0, 0, 11, 8, 15, 6, 0, 0, 0, 0, 0, 0
org.eclipse.jdt.ui.edit.text.java.use.supertype, 0, 0, 0, 0, 0, 0, 0, 0, 8, 7, 6, 6, 0, 0, 7, 6, 0, 0
org.eclipse.mtj.launchShortcuts.run, 0, 0, 0, 0, 0, 0, 0, 0, 150, 13, 51, 8, 11, 6, 84, 20, 11, 7
org.eclipse.team.cvs.ui.checkout, 0, 0, 0, 0, 0, 0, 0, 0, 12, 8, 16, 8, 0, 0, 13, 10, 0, 0
org.eclipse.team.svn.ui.command.ExportCommand, 0, 0, 0, 0, 0, 0, 0, 0, 8, 6, 10, 6, 0, 0, 0, 0, 0, 0
org.eclipse.team.svn.ui.command.ReplaceWithRevisionCommand, 0, 0, 0, 0, 0, 0, 0, 0, 19, 12, 16, 12, 13, 9, 94, 27, 0, 0
org.eclipse.team.svn.ui.command.UnlockCommand, 0, 0, 0, 0, 0, 0, 0, 0, 10, 6, 22, 14, 0, 0, 29, 21, 0, 0
org.eclipse.ui.edit.text.removeTrailingWhitespace, 0, 0, 0, 0, 0, 0, 0, 0, 126, 7, 196, 9, 94, 9, 0, 0, 0, 0
org.eclipse.wst.jsdt.ui.edit.text.java.clean.up, 0, 0, 0, 0, 0, 0, 0, 0, 8, 8, 0, 0, 0, 0, 0, 0, 0, 0
org.eclipse.wst.sse.ui.structure.select.last, 0, 0, 0, 0, 0, 0, 0, 0, 18, 6, 0, 0, 0, 0, 0, 0, 0, 0
org.eclipse.cdt.ui.edit.text.c.remove.block.comment, 0, 0, 0, 0, 0, 0, 0, 0, 0, 0, 20, 7, 0, 0, 0, 0, 0, 0
org.eclipse.dltk.ui.edit.text.script.toggle.comment, 0, 0, 0, 0, 0, 0, 0, 0, 0, 0, 17, 7, 60, 6, 36, 9, 0, 0
org.eclipse.jdt.debug.ui.commands.ForceReturn, 0, 0, 0, 0, 0, 0, 0, 0, 0, 0, 6, 6, 14, 8, 12, 8, 0, 0
org.eclipse.jdt.ui.edit.text.java.search.declarations.in.working.set, 0, 0, 0, 0, 0, 0, 0, 0, 0, 0, 6, 6, 0, 0, 7, 7, 0, 0
org.eclipse.jdt.ui.edit.text.remove.occurrence.annotations, 0, 0, 0, 0, 0, 0, 0, 0, 0, 0, 12, 10, 0, 0, 0, 0, 0, 0
org.eclipse.photran.debug.ui.localCShortcut.run, 0, 0, 0, 0, 0, 0, 0, 0, 0, 0, 20, 7, 0, 0, 0, 0, 0, 0
org.eclipse.php.deubg.ui.phpexeShortcut.run, 0, 0, 0, 0, 0, 0, 0, 0, 0, 0, 23, 6, 28, 16, 177, 39, 19, 6
org.eclipse.php.perspective, 0, 0, 0, 0, 0, 0, 0, 0, 0, 0, 10, 8, 19, 18, 22, 17, 0, 0
org.eclipse.php.server.ui.phpServerShortcut.debug, 0, 0, 0, 0, 0, 0, 0, 0, 0, 0, 14, 7, 32, 6, 24, 9, 0, 0
org.eclipse.team.svn.ui.command.LockCommand, 0, 0, 0, 0, 0, 0, 0, 0, 0, 0, 19, 6, 10, 6, 55, 21, 0, 0
org.eclipse.team.svn.ui.command.SetKeywordsCommand, 0, 0, 0, 0, 0, 0, 0, 0, 0, 0, 27, 6, 21, 8, 0, 0, 0, 0
org.eclipse.trace.ui.jUnitShortcut.profile, 0, 0, 0, 0, 0, 0, 0, 0, 0, 0, 15, 7, 0, 0, 0, 0, 0, 0
org.eclipse.wst.jsdt.ui.edit.text.java.open.call.hierarchy, 0, 0, 0, 0, 0, 0, 0, 0, 0, 0, 9, 7, 0, 0, 0, 0, 0, 0
org.eclipse.wst.sse.ui.goto.matching.bracket, 0, 0, 0, 0, 0, 0, 0, 0, 0, 0, 36, 6, 0, 0, 39, 7, 0, 0
org.eclipse.dltk.ui.edit.text.script.open.hierarchy, 0, 0, 0, 0, 0, 0, 0, 0, 0, 0, 0, 0, 7, 6, 6, 6, 0, 0
org.eclipse.jdt.ui.edit.text.java.find.broken.nls.keys, 0, 0, 0, 0, 0, 0, 0, 0, 0, 0, 0, 0, 10, 7, 13, 10, 0, 0
org.eclipse.jdt.ui.edit.text.java.search.write.access.in.project, 0, 0, 0, 0, 0, 0, 0, 0, 0, 0, 0, 0, 9, 8, 8, 6, 0, 0
org.eclipse.php.ui.edit.text.rename.element, 0, 0, 0, 0, 0, 0, 0, 0, 0, 0, 0, 0, 25, 7, 12, 6, 0, 0
org.eclipse.ui.window.hideShowEditors, 0, 0, 0, 0, 0, 0, 0, 0, 0, 0, 0, 0, 22, 6, 0, 0, 0, 0
org.eclipse.ui.window.minimizePart, 0, 0, 0, 0, 0, 0, 0, 0, 0, 0, 0, 0, 6, 6, 0, 0, 0, 0
org.eclipse.wst.xml.ui.disable.grammar.constraints, 0, 0, 0, 0, 0, 0, 0, 0, 0, 0, 0, 0, 13, 8, 14, 7, 0, 0
org.eclipse.birt.report.designer.ui.command.deleteGroupCommand, 0, 0, 0, 0, 0, 0, 0, 0, 0, 0, 0, 0, 0, 0, 15, 8, 0, 0
org.eclipse.jdt.ui.edit.text.java.folding.collapseComments, 0, 0, 0, 0, 0, 0, 0, 0, 0, 0, 0, 0, 0, 0, 7, 6, 0, 0
org.eclipse.jdt.ui.edit.text.java.open.super.implementation, 0, 0, 0, 0, 0, 0, 0, 0, 0, 0, 0, 0, 0, 0, 9, 6, 0, 0
org.eclipse.mylyn.context.ui.commands.task.attachContext, 0, 0, 0, 0, 0, 0, 0, 0, 0, 0, 0, 0, 0, 0, 9, 7, 0, 0
org.eclipse.php.ui.edit.OpenFunctionsManualAction, 0, 0, 0, 0, 0, 0, 0, 0, 0, 0, 0, 0, 0, 0, 6, 6, 0, 0
org.eclipse.php.ui.edit.text.show.phpdoc, 0, 0, 0, 0, 0, 0, 0, 0, 0, 0, 0, 0, 0, 0, 9, 7, 0, 0
