command,executeCount,userCount
org.eclipse.jdt.ui.JavaPerspective,6278,4122
org.eclipse.pde.runtime.LogView,24,23
org.eclipse.jdt.ui.SourceView,6,6
org.eclipse.jdt.ui.JavadocView,19,16
org.eclipse.ui.views.ProblemView,40,31
org.eclipse.jdt.ui.TypeHierarchy,3,2
org.eclipse.jdt.ui.PackageExplorer,57,36
org.eclipse.ui.views.ContentOutline,74,57
org.eclipse.debug.ui.BreakpointView,11,9
org.eclipse.debug.ui.VariableView,13,11
org.eclipse.debug.ui.DebugView,11,6
org.eclipse.jdt.ui.edit.text.java.correction.assist.proposals,95907,8863
org.eclipse.ui.file.save,2898809,46574
org.eclipse.ui.edit.delete,3058778,45115
org.eclipse.ui.console.ConsoleView,142,93
org.eclipse.debug.ui.DebugPerspective,1825,1508
org.eclipse.debug.ui.commands.Terminate,37112,8051
org.eclipse.ui.edit.copy,1372031,43461
org.eclipse.jdt.ui.edit.text.java.open.editor,145503,11318
org.eclipse.ui.file.revert,697,408
org.eclipse.ui.edit.paste,2005050,48957
org.eclipse.jdt.ui.edit.text.java.extract.method,3345,1291
org.eclipse.pde.ui.PDEPerspective,1,1
org.eclipse.ui.navigate.collapseAll,13907,3273
org.eclipse.jdt.ui.navigate.open.type,69652,6523
org.eclipse.ui.edit.text.contentAssist.proposals,955463,26270
org.eclipse.ui.edit.cut,272039,30340
org.eclipse.ui.edit.undo,775534,34174
org.eclipse.debug.ui.commands.Resume,281982,11659
org.eclipse.debug.ui.commands.StepOver,971794,11174
org.eclipse.ui.edit.text.goto.lineEnd,1090833,29601
org.eclipse.jdt.debug.ui.commands.Inspect,11567,1994
org.eclipse.ui.edit.text.smartEnter,13643,4873
org.eclipse.ui.window.resetPerspective,1267,895
org.eclipse.ui.help.quickStartAction,2147,1674
org.eclipse.ui.window.showSystemMenu,366,284
org.eclipse.ui.window.customizePerspective,2798,1849
org.eclipse.search.ui.views.SearchView,15,14
org.eclipse.ui.window.showKeyAssist,1845,970
org.eclipse.pde.runtime.spy.commands.spyCommand,324,103
org.eclipse.ui.edit.findIncremental,39594,1277
org.eclipse.jdt.ui.edit.text.java.open.type.hierarchy,10007,3298
org.eclipse.jdt.ui.edit.text.java.show.outline,26107,3777
org.eclipse.pde.ui.PluginsView,2,2
org.eclipse.ui.file.properties,106032,24965
org.eclipse.team.ccvs.ui.RepositoriesView,5,5
org.eclipse.team.ui.GenericHistoryView,1,1
org.eclipse.mylyn.tasks.ui.views.repositories,4,4
org.eclipse.team.cvs.ui.cvsPerspective,254,207
org.eclipse.ui.update.findAndInstallUpdates,1481,607
org.eclipse.jdt.ui.ProjectsView,1,1
org.eclipse.jdt.ui.PackagesView,2,2
org.eclipse.jdt.ui.TypesView,2,2
org.eclipse.jdt.ui.MembersView,1,1
org.eclipse.ui.window.closePerspective,6692,3039
org.eclipse.ui.window.quickAccess,2236,624
org.eclipse.ui.views.showView,44668,13669
org.eclipse.ui.file.close,93940,6717
org.eclipse.ui.perspectives.showPerspective,60280,17362
org.eclipse.jdt.ui.edit.text.java.inline,1426,446
org.eclipse.jdt.ui.edit.text.java.organize.imports,85028,10576
org.eclipse.team.cvs.ui.commit,24524,3201
org.eclipse.jdt.ui.edit.text.java.rename.element,48072,10587
org.eclipse.jdt.ui.edit.text.java.search.references.in.workspace,27471,4388
org.eclipse.mylyn.tasks.ui.views.tasks,14,13
org.eclipse.ui.edit.text.select.lineEnd,241096,20370
org.eclipse.ui.edit.text.goto.lineStart,917058,25262
org.eclipse.php.perspective,43,35
org.eclipse.team.sync.views.SynchronizeView,7,6
org.eclipse.jdt.debug.ui.localJavaShortcut.run,64913,10669
org.eclipse.ui.navigate.backwardHistory,108431,8953
org.eclipse.team.cvs.ui.replaceWithRevision,219,116
org.eclipse.team.cvs.ui.compareWithRevision,1021,450
org.eclipse.jdt.ui.edit.text.java.toggle.comment,60901,8162
org.eclipse.ui.file.import,53496,14124
org.eclipse.ui.file.newQuickMenu,1126,250
org.eclipse.ui.edit.selectAll,58285,15405
org.eclipse.jdt.debug.ui.commands.Display,2747,608
org.eclipse.ui.navigate.next,77257,3419
org.eclipse.ui.edit.text.deletePreviousWord,84365,3436
org.eclipse.ui.views.TaskList,31,30
org.eclipse.ui.navigator.ProjectExplorer,28,23
org.eclipse.team.cvs.ui.compareWithRemote,3503,1029
org.eclipse.jst.j2ee.J2EEPerspective,99,92
org.eclipse.pde.ui.runtimeWorkbenchShortcut.debug,165,80
org.eclipse.team.ui.synchronizeLast,9866,2437
org.eclipse.ltk.ui.refactoring.commands.deleteResources,57395,20187
org.eclipse.php.ui.edit.text.OpenDeclaration,117,30
org.eclipse.ui.edit.findReplace,184190,20753
org.eclipse.ui.project.openProject,10274,4191
org.eclipse.ui.file.refresh,153094,24189
org.eclipse.ui.edit.text.delete.line,266389,8932
org.eclipse.jdt.ui.edit.text.java.format,121548,9209
org.eclipse.ui.edit.text.select.lineStart,203989,16233
org.eclipse.jdt.ui.edit.text.java.search.references.in.hierarchy,198,120
org.eclipse.jdt.ui.edit.text.java.search.implementors.in.workspace,35,25
org.eclipse.ui.file.saveAll,49731,3863
org.eclipse.jdt.ui.edit.text.java.override.methods,4015,1854
org.eclipse.jdt.ui.edit.text.java.source.quickMenu,6329,1663
org.eclipse.ui.edit.text.select.wordNext,456200,10820
org.eclipse.jdt.ui.edit.text.java.toggleMarkOccurrences,2835,999
org.eclipse.ui.edit.rename,18222,6280
org.eclipse.ui.navigate.openResource,72801,6921
org.eclipse.ui.edit.text.select.wordPrevious,475246,10888
org.eclipse.ui.edit.text.goto.wordNext,887627,11660
org.eclipse.gef.zoom_in,67,35
org.eclipse.ui.edit.text.showInformation,16303,6881
org.eclipse.ant.ui.antShortcut.run,16234,2381
org.eclipse.debug.ui.commands.StepInto,129861,7416
org.eclipse.debug.ui.ExpressionView,22,16
org.eclipse.ui.file.closeAll,12671,3893
org.eclipse.ui.edit.text.goto.wordPrevious,699332,11766
org.eclipse.search.ui.openSearchDialog,29401,6241
org.eclipse.ui.edit.text.goto.textStart,50463,7359
org.eclipse.ui.edit.text.moveLineUp,62993,2468
org.eclipse.wst.sse.ui.format.document,19325,3718
org.eclipse.ui.edit.text.scroll.lineDown,89081,3913
org.eclipse.jdt.ui.edit.text.java.create.getter.setter,16111,6471
org.eclipse.wst.server.ui.ServersView,6,5
org.eclipse.wst.server.run,45953,7485
org.eclipse.ui.newWizard,49582,19163
org.eclipse.ltk.ui.refactoring.commands.renameResource,11056,4311
org.eclipse.jdt.ui.edit.text.java.add.javadoc.comment,8456,1515
org.eclipse.ui.edit.text.moveLineDown,55381,2271
org.eclipse.mylyn.tasks.ui.command.openTask,883,746
org.eclipse.ui.edit.text.scroll.lineUp,47174,2815
org.eclipse.ui.edit.text.goto.textEnd,24270,5555
org.eclipse.jdt.ui.edit.text.java.open.call.hierarchy,12835,2617
org.eclipse.ui.edit.redo,70797,7849
org.eclipse.mylyn.context.ui.commands.interest.increment,166,56
org.eclipse.ui.navigate.linkWithEditor,19857,5478
org.eclipse.mylyn.context.ui.commands.interest.decrement,700,211
org.eclipse.jdt.junit.junitShortcut.rerunLast,17876,1823
org.eclipse.jdt.junit.junitShortcut.run,20529,3828
org.eclipse.wst.jsdt.ui.JavaPerspective,33,31
org.eclipse.ui.views.ResourceNavigator,99,72
org.eclipse.ui.window.savePerspective,403,268
org.eclipse.team.cvs.ui.sync,13773,2623
org.eclipse.team.ui.TeamSynchronizingPerspective,457,401
org.eclipse.team.cvs.ui.update,21649,3001
org.eclipse.ui.edit.findNext,101765,2726
org.eclipse.search.ui.openFileSearchPage,18515,3744
org.eclipse.ui.edit.text.goto.line,11028,3133
org.eclipse.team.svn.ui.command.UpdateCommand,6332,1359
org.eclipse.team.svn.ui.command.ReplaceWithLatestRevisionCommand,594,260
org.eclipse.ui.views.ProgressView,10,10
org.eclipse.equinox.p2.ui.sdk.update,58468,22925
org.eclipse.ui.edit.text.copyLineDown,14910,1382
org.eclipse.ui.edit.text.copyLineUp,2403,615
org.eclipse.ui.navigate.forwardHistory,13205,3134
org.eclipse.ui.project.closeProject,18305,6475
org.eclipse.team.cvs.ui.updateAll,1288,240
org.eclipse.jdt.ui.correction.assignToLocal.assist,720,127
org.eclipse.jdt.ui.edit.text.java.add.import,8434,1401
org.eclipse.ui.project.properties,12525,5250
org.eclipse.debug.ui.commands.RunLast,79455,6173
org.eclipse.wst.server.launchShortcut.run,31371,5820
org.eclipse.wst.jsdt.ui.navigate.open.type,100,78
org.eclipse.wst.server.publish,11686,1972
org.eclipse.wst.server.stop,20191,5987
org.eclipse.jdt.ui.edit.text.java.clean.up,1625,508
org.eclipse.datatools.sqltools.result.removeAllInstances,314,160
org.eclipse.ui.edit.text.toggleOverwrite,18299,5133
org.eclipse.debug.ui.commands.TerminateAndRelaunch,952,209
org.eclipse.debug.ui.commands.OpenDebugConfigurations,3026,1070
org.eclipse.ui.project.cleanAction,29152,9467
org.eclipse.ui.help.aboutAction,14500,9867
org.eclipse.jpt.ui.jpaPerspective,1,1
org.eclipse.ant.ui.views.AntView,44,36
org.eclipse.wst.web.ui.webDevPerspective,374,363
org.eclipse.ui.views.PropertySheet,10,5
org.eclipse.datatools.connectivity.DataSourceExplorerNavigator,5,4
org.eclipse.ui.file.exit,13109,5820
org.eclipse.ui.file.export,23710,4215
org.eclipse.wst.server.debug,17648,2942
org.eclipse.jdt.junit.junitShortcut.debug,2403,795
org.eclipse.jdt.debug.ui.javaAppletShortcut.run,2044,648
org.eclipse.team.svn.ui.repository.RepositoriesView,3,3
org.eclipse.team.svn.ui.repository.browser.RepositoryBrowser,4,4
org.eclipse.team.svn.ui.repository.RepositoryPerspective,52,42
org.eclipse.ui.externaltools.ExternalToolMenuDelegateToolbar,13693,2344
org.eclipse.debug.ui.commands.StepReturn,27556,3442
org.eclipse.jdt.ui.edit.text.java.select.enclosing,3316,232
org.eclipse.ui.window.nextEditor,36334,1587
org.eclipse.ui.window.nextView,1434,329
org.eclipse.ui.edit.text.shiftLeft,7208,977
org.eclipse.jdt.ui.edit.text.java.generate.hashcode.equals,530,271
org.eclipse.ui.edit.text.goto.pageDown,2573,217
org.eclipse.jdt.ui.edit.text.java.open.hierarchy,13862,2999
org.eclipse.ui.file.restartWorkbench,1178,945
org.eclipse.team.cvs.ui.merge,475,144
org.eclipse.ui.project.buildAll,77713,4923
org.eclipse.ui.help.helpContents,4252,3020
org.eclipse.ui.ide.configureFilters,2057,986
org.eclipse.team.cvs.ui.branch,188,119
org.eclipse.team.cvs.ui.updateSwitch,732,234
org.eclipse.ui.window.nextPerspective,2700,462
org.eclipse.debug.ui.commands.ToggleBreakpoint,4407,795
org.eclipse.debug.ui.commands.RunToLine,1725,515
org.eclipse.jdt.debug.ui.DisplayView,9,9
org.eclipse.team.svn.ui.properties.PropertiesView,1,1
org.eclipse.team.svn.ui.command.SynchronizeCommand,6263,1294
org.eclipse.team.svn.ui.command.CommitCommand,8424,1613
org.eclipse.wst.server.launchShortcut.debug,2650,851
org.eclipse.jdt.debug.ui.localJavaShortcut.debug,4043,1647
org.eclipse.cdt.ui.edit.opendecl,22931,1578
org.eclipse.cdt.ui.navigate.opentype,578,228
org.eclipse.ltk.ui.refactoring.commands.moveResources,852,512
org.eclipse.ui.edit.move,652,357
org.eclipse.ui.navigate.goToResource,258,183
org.eclipse.cdt.ui.includeBrowser,4,3
org.eclipse.cdt.ui.edit.open.quick.type.hierarchy,295,179
org.eclipse.jdt.ui.edit.text.java.indent,10253,2208
org.eclipse.jdt.ui.generate.javadoc,1001,452
org.eclipse.ui.window.maximizePart,13981,2103
org.eclipse.ui.edit.text.hippieCompletion,8539,680
org.eclipse.team.svn.ui.command.CompareWithLatestRevisionCommand,707,354
org.eclipse.ui.edit.text.contentAssist.contextInformation,4344,1802
org.eclipse.jdt.ui.edit.text.java.extract.local.variable,4917,1107
org.eclipse.ui.edit.text.gotoLastEditPosition,5454,1843
org.eclipse.ui.navigate.previous,5769,1439
org.eclipse.birt.report.designer.ui.attributes.AttributeView,2,1
org.eclipse.birt.report.designer.ui.views.data.DataView,3,2
org.eclipse.birt.report.item.crosstab.ui.createCrosstab,172,76
org.eclipse.birt.report.designer.ui.command.CreateChartViewCommand,33,10
org.eclipse.gef.ui.palette_view,1,1
org.eclipse.birt.report.designer.ui.ReportPerspective,54,42
org.eclipse.birt.report.designer.ui.lib.explorer.view,3,1
org.eclipse.team.svn.ui.command.CompareWithWorkingCopyCommand,444,221
org.eclipse.cdt.ui.CPerspective,559,256
org.eclipse.ui.edit.findPrevious,24013,990
org.eclipse.ui.edit.text.deleteNextWord,25307,1697
org.eclipse.ui.edit.text.folding.collapse,293,63
org.eclipse.jdt.ui.edit.text.java.refactor.quickMenu,2078,704
org.eclipse.ui.edit.findIncrementalReverse,3245,433
org.eclipse.jdt.ui.JavaBrowsingPerspective,950,805
org.eclipse.jdt.ui.edit.text.java.open.external.javadoc,704,322
org.eclipse.ui.edit.text.openLocalFile,11238,5205
org.eclipse.jdt.ui.edit.text.java.goto.matching.bracket,1704,478
org.eclipse.ui.project.buildProject,24705,2925
org.eclipse.debug.ui.commands.DebugLast,24410,3573
org.eclipse.dltk.ruby.debug.ui.launchShortcut.run,153,32
org.eclipse.pde.ui.junitWorkbenchShortcut.run,248,78
org.eclipse.debug.ui.commands.OpenRunConfigurations,7084,2347
org.eclipse.ui.edit.text.smartEnterInverse,1123,183
org.eclipse.compare.copyAllRightToLeft,2082,628
org.eclipse.jdt.ui.correction.renameInFile.assist,1600,363
org.eclipse.team.ui.synchronizeAll,1640,841
org.eclipse.jdt.ui.edit.text.java.sort.members,1160,382
org.eclipse.ui.file.saveAs,3001,1555
org.eclipse.ui.navigate.showInQuickMenu,1083,255
org.eclipse.team.cvs.ui.replace,2831,951
org.eclipse.cdt.ui.CView,13,8
org.eclipse.cdt.ui.edit.text.c.format,6738,833
org.eclipse.cdt.ui.edit.text.c.toggle.comment,7328,815
org.eclipse.cdt.ui.edit.text.c.toggle.source.header,10290,716
org.eclipse.ui.edit.text.upperCase,1566,433
org.eclipse.jdt.ui.edit.text.java.search.references.in.project,7649,1939
org.eclipse.jdt.ui.edit.text.java.surround.with.try.catch,1567,799
org.eclipse.team.svn.ui.command.ShowResourceHistoryCommand,1420,597
org.eclipse.debug.ui.commands.eof,1401,620
org.eclipse.php.server.ui.phpServerShortcut.run,51,33
org.eclipse.jdt.ui.edit.text.java.select.previous,1253,286
org.eclipse.jdt.ui.edit.text.java.select.next,1664,267
org.eclipse.rse.ui.view.SystemPerspective,9,6
org.eclipse.php.ui.functions,1,1
org.eclipse.ui.window.activateEditor,2516,1235
org.eclipse.team.svn.ui.command.ShowAnnotationCommand,184,88
org.eclipse.jdt.ui.edit.text.java.move.element,3869,1760
org.eclipse.ui.externalTools.commands.OpenExternalToolsConfigurations,2382,931
org.eclipse.quickdiff.toggle,733,235
org.eclipse.team.svn.ui.command.CopyUrlCommand,63,38
org.eclipse.team.svn.ui.command.CompareRepositoryWithBranchCommand,17,4
org.eclipse.team.svn.ui.command.CompareTwoRepositoryResourcesCommand,10,5
org.eclipse.mylyn.tasks.ui.perspectives.planning,2,1
org.eclipse.compare.selectNextChange,12942,442
org.eclipse.ui.project.buildAutomatically,4866,2741
org.eclipse.ui.resourcePerspective,746,545
org.eclipse.ui.update.manageConfiguration,394,225
org.eclipse.ui.window.newWindow,788,600
org.eclipse.wst.jsdt.ui.edit.text.java.toggle.comment,1083,176
org.eclipse.mylyn.tasks.ui.command.markTaskRead,363,82
org.eclipse.ajdt.ui.navigate.open.type.in.hierarchy,4,3
org.eclipse.jdt.ui.edit.text.java.extract.constant,1039,415
org.eclipse.jdt.ui.edit.text.java.externalize.strings,343,168
org.eclipse.compare.copyRightToLeft,7640,989
org.eclipse.ui.window.pinEditor,53,17
org.eclipse.jdt.ui.edit.text.java.copy.qualified.name,1703,882
org.eclipse.wst.sse.ui.open.file.from.source,3266,838
org.eclipse.team.cvs.ui.GenerateDiff,158,82
org.eclipse.ant.ui.antShortcutWithDialog.run,3647,989
org.eclipse.jdt.debug.ui.commands.AddClassPrepareBreakpoint,41,33
org.eclipse.jdt.ui.edit.text.java.toggleBreadcrumb,3039,1196
org.eclipse.team.svn.ui.command.SwitchCommand,363,119
org.eclipse.ui.window.openEditorDropDown,3310,1042
org.eclipse.mylyn.tasks.ui.command.activateTask,310,219
org.eclipse.jdt.ui.edit.text.java.goto.next.member,2233,617
org.eclipse.cdt.make.ui.views.MakeView,3,2
org.eclipse.cdt.debug.ui.localCShortcut.run,3605,1039
org.eclipse.team.svn.ui.command.AddToSVNCommand,553,236
org.eclipse.wst.sse.ui.structure.select.previous,623,168
org.eclipse.wst.sse.ui.structure.select.next,511,160
org.eclipse.cdt.ui.edit.text.c.toggleMarkOccurrences,465,155
org.eclipse.ui.edit.text.cut.line.to.end,21560,427
org.eclipse.ui.edit.text.goto.lineUp,67573,337
org.eclipse.ui.edit.text.goto.lineDown,80156,349
org.eclipse.ui.edit.text.set.mark,3151,252
org.eclipse.ui.edit.text.goto.columnPrevious,40899,285
org.eclipse.ui.edit.text.goto.columnNext,60400,323
org.eclipse.ui.edit.text.deleteNext,19411,326
org.eclipse.rap.ui.intro.installTarget,136,118
org.eclipse.ui.edit.text.clear.mark,838,113
org.eclipse.ui.window.closeAllPerspectives,228,193
org.eclipse.jdt.ui.edit.text.java.promote.local.variable,504,203
org.eclipse.cdt.ui.search.finddecl,356,243
org.eclipse.jst.pagedesigner.vertical,557,147
org.eclipse.jst.pagedesigner.source,569,110
org.eclipse.ui.editors.lineNumberToggle,1484,1205
org.eclipse.ui.cheatsheets.views.CheatSheetView,1,1
org.eclipse.jdt.ui.edit.text.java.gotoBreadcrumb,1309,627
org.eclipse.team.cvs.ui.commitAll,623,135
org.eclipse.debug.ui.commands.RemoveAllBreakpoints,449,213
org.eclipse.mylyn.tasks.ui.command.addTaskRepository,1527,1012
org.eclipse.jdt.ui.edit.text.java.modify.method.parameters,1642,595
org.eclipse.team.ui.applyPatch,1052,550
org.eclipse.compare.ignoreWhiteSpace,262,106
org.eclipse.wst.server.launchShortcut.profile,91,64
org.eclipse.team.svn.ui.command.RevertCommand,1086,522
org.eclipse.debug.ui.MemoryView,1,1
org.eclipse.jdt.ui.edit.text.java.add.block.comment,2746,1007
org.eclipse.cdt.ui.edit.text.c.indent,1877,256
org.eclipse.hyades.trace.internal.ui.tracePerspective,17,15
org.eclipse.ui.edit.text.delimiter.unix,175,67
org.eclipse.jdt.ui.edit.text.java.search.declarations.in.workspace,1453,882
org.eclipse.team.cvs.ui.replaceWithBase,414,201
org.eclipse.team.svn.ui.command.AddToSVNIgnoreCommand,321,165
org.eclipse.team.svn.ui.command.ShareProjectsCommand,260,155
org.eclipse.dltk.ui.edit.text.script.open.editor,51,26
org.eclipse.ui.file.print,2719,1482
org.eclipse.jdt.ui.edit.text.java.folding.collapseMembers,29,14
org.eclipse.jdt.ui.edit.text.java.folding.collapseComments,14,11
org.eclipse.ui.edit.text.folding.toggle,804,250
org.eclipse.ui.edit.text.folding.collapse_all,1042,285
org.eclipse.ui.edit.text.folding.restore,152,51
org.eclipse.mylyn.context.ui.commands.open.context.dialog,199,145
org.eclipse.mylyn.java.ui.editor.folding.auto,1002,445
org.eclipse.pde.ui.openPluginArtifact,201,152
org.eclipse.datatools.sqltools.sqleditor.perspectives.EditorPerspective,64,62
org.eclipse.jdt.ui.edit.text.java.introduce.parameter,162,83
org.eclipse.help.ui.closeTray,829,370
org.eclipse.jdt.ui.edit.text.java.goto.previous.member,1576,334
org.eclipse.wst.sse.ui.cleanup.document,317,163
org.eclipse.ui.window.lockToolBar,580,339
org.eclipse.jdt.ui.edit.text.java.generate.constructor.using.fields,1850,1078
org.eclipse.ui.window.preferences,1476,986
org.eclipse.ui.edit.text.goto.pageUp,1439,85
org.eclipse.wst.sse.ui.toggle.comment,1597,426
org.eclipse.jdt.ui.edit.text.java.infer.type.arguments,179,150
org.eclipse.jdt.ui.edit.text.java.surround.with.quickMenu,728,319
org.eclipse.cdt.ui.edit.text.rename.element,1388,406
org.eclipse.search.ui.performTextSearchProject,778,292
org.eclipse.ui.ToggleCoolbarAction,1087,455
org.eclipse.jdt.ui.edit.text.java.remove.block.comment,603,319
org.eclipse.ui.edit.text.join.lines,397,118
org.eclipse.ui.navigate.selectWorkingSets,100,75
org.eclipse.birt.report.designer.ui.command.applyStyleCommand,246,51
org.eclipse.ui.edit.text.toggleShowSelectedElementOnly,686,163
org.eclipse.ui.edit.text.toggleShowWhitespaceCharacters,658,246
org.eclipse.wst.sse.ui.format.active.elements,1124,404
org.eclipse.jdt.ui.edit.text.java.add.unimplemented.constructors,811,546
org.eclipse.php.ui.edit.text.rename.element,17,9
org.eclipse.team.svn.ui.command.MergeCommand,305,93
org.eclipse.team.cvs.ui.showHistory,3113,948
org.eclipse.team.cvs.ui.ignore,1180,337
org.eclipse.jdt.ui.edit.text.java.select.last,359,92
org.eclipse.wst.sse.ui.add.block.comment,827,345
org.eclipse.jdt.ui.edit.text.java.pull.up,397,248
org.eclipse.jdt.ui.edit.text.java.extract.class,289,189
org.eclipse.team.svn.ui.command.CleanupCommand,325,162
org.eclipse.jdt.ui.edit.text.java.search.occurrences.in.file.quickMenu,732,203
org.eclipse.ui.window.switchToEditor,516,378
org.eclipse.team.cvs.ui.add,295,137
org.eclipse.jdt.ui.edit.text.java.extract.superclass,158,128
org.eclipse.ui.help.helpSearch,1061,875
org.eclipse.ui.edit.text.swap.mark,110,52
org.eclipse.ui.window.newEditor,833,662
org.eclipse.jdt.ui.edit.text.java.extract.interface,492,309
org.eclipse.ui.edit.text.lowerCase,817,265
org.eclipse.jdt.ui.edit.text.java.introduce.factory,31,24
org.eclipse.pde.ui.runtimeWorkbenchShortcut.run,1638,470
org.eclipse.team.svn.ui.command.EditPropertiesCommand,176,125
org.eclipse.team.svn.ui.command.SetPropertyCommand,72,43
org.eclipse.jdt.debug.ui.commands.AllInstances,54,38
org.eclipse.jdt.debug.ui.commands.AllReferences,23,10
org.eclipse.ui.window.previousPerspective,48,33
org.eclipse.ui.window.previousView,36,27
org.eclipse.ltk.ui.refactor.show.refactoring.history,66,47
org.eclipse.team.cvs.ui.compareWithTag,1040,366
org.eclipse.team.cvs.ui.tag,887,284
org.eclipse.ant.ui.antShortcut.debug,276,101
org.eclipse.ui.project.closeUnrelatedProjects,392,319
org.eclipse.team.cvs.ui.showAnnotation,435,207
org.eclipse.ui.ide.OpenMarkersView,136,122
org.eclipse.m2m.atl.adt.atlPerspective,3,3
org.eclipse.team.svn.ui.command.ReplaceWithBranchCommand,20,11
org.eclipse.datatools.sqltools.debugger.perspectives.DebuggerPerspective,57,55
org.eclipse.gef.zoom_out,74,38
org.eclipse.wst.jsdt.ui.edit.text.java.format,1125,250
org.eclipse.wst.jsdt.ui.edit.text.java.show.outline,168,54
org.eclipse.jdt.ui.navigate.open.type.in.hierarchy,812,422
org.eclipse.trace.ui.runtimeWorkbenchShortcut.profile,7,7
org.eclipse.cdt.ui.edit.text.c.rename.element,12,4
org.eclipse.jdt.ui.edit.text.java.introduce.indirection,51,37
org.eclipse.wst.xml.ui.reload.dependecies,115,61
org.eclipse.wst.xml.ui.disable.grammar.constraints,111,55
org.eclipse.mylyn.tasks.ui.command.deactivateAllTasks,82,47
org.eclipse.team.svn.ui.command.CompareWithRevisionCommand,142,92
org.eclipse.team.svn.ui.command.BranchCommand,93,51
org.eclipse.team.svn.ui.command.EditConflictsCommand,158,100
org.eclipse.wst.jsdt.ui.edit.text.java.toggleMarkOccurrences,51,25
org.eclipse.team.cvs.ui.addLocation,347,258
org.eclipse.rap.ui.launch.RAPLaunchShortcut.run,112,32
org.eclipse.ui.edit.text.delete.line.to.end,579,189
org.eclipse.wst.jsdt.ui.edit.text.java.open.editor,327,148
org.eclipse.trace.ui.javaApplicationShortcut.profile,138,65
org.eclipse.compare.copyLeftToRight,1241,120
org.eclipse.jdt.ui.navigate.java.open.structure,412,158
org.eclipse.cdt.ui.refactor.extract.constant,120,71
org.eclipse.search.ui.performTextSearchFile,309,132
org.eclipse.wst.xml.ui.nextSibling,367,144
org.eclipse.ui.edit.text.select.textStart,116,80
org.eclipse.ui.edit.text.folding.expand,382,93
org.eclipse.cdt.ui.edit.open.call.hierarchy,1704,364
org.eclipse.ve.internal.java.core.vce.localJavaShortcut.run,391,82
org.eclipse.ui.texteditor.TemplatesView,3,3
org.eclipse.jst.jsp.ui.refactor.rename,74,43
org.eclipse.jdt.ui.edit.text.java.create.delegate.methods,278,181
org.eclipse.jdt.ui.edit.text.java.convert.anonymous.to.nested,86,59
org.eclipse.jdt.ui.edit.text.java.move.inner.to.top.level,343,156
org.eclipse.team.cvs.ui.replaceWithTag,592,186
org.eclipse.jdt.debug.ui.commands.ForceReturn,37,28
org.eclipse.jdt.ui.edit.text.java.search.references.in.working.set,64,52
org.eclipse.ui.edit.addTask,242,178
org.eclipse.uml2.diagram.clazz.updateDiagram,31,4
org.eclipse.team.svn.ui.command.CreatePatchCommand,101,59
org.eclipse.search.ui.performTextSearchWorkspace,1070,520
org.eclipse.cdt.ui.edit.open.type.hierarchy,752,299
org.eclipse.cdt.ui.edit.text.c.goto.prev.member,288,57
org.eclipse.cdt.ui.edit.text.c.goto.next.member,572,92
org.eclipse.cdt.ui.edit.text.c.add.include,289,104
org.eclipse.ltk.ui.refactor.create.refactoring.script,70,58
org.eclipse.cdt.debug.ui.localCShortcut.debug,617,356
org.eclipse.ui.edit.text.select.textEnd,245,143
org.eclipse.jdt.ui.edit.text.java.search.occurrences.in.file,74,26
org.eclipse.hyades.ui.perspective.TestPerspective,6,6
org.eclipse.jdt.ui.edit.text.java.find.broken.nls.keys,53,28
org.eclipse.ui.edit.text.toggleInsertMode,228,119
org.eclipse.ui.help.dynamicHelp,356,319
org.eclipse.datatools.connectivity.commands.import,44,36
org.eclipse.datatools.connectivity.commands.addprofile,358,234
org.eclipse.datatools.sqltools.sqleditor.ExecuteSelectionAction,3414,249
org.eclipse.ui.cheatsheets.openCheatSheet,97,64
org.eclipse.debug.ui.commands.ToggleWatchpoint,37,28
org.eclipse.cdt.ui.search.findrefs,662,201
org.eclipse.wst.sse.ui.structure.select.last,103,38
org.eclipse.ui.views.BookmarkView,1,1
org.eclipse.birt.report.designer.ui.command.copyAction,420,98
org.eclipse.birt.report.designer.ui.command.pasteAction,543,97
org.eclipse.birt.report.designer.ui.command.insertColumnCommand,191,80
org.eclipse.pde.ui.EquinoxLaunchShortcut.run,183,72
org.eclipse.ui.navigate.back,49,35
org.eclipse.birt.report.designer.ui.command.deleteColumnCommand,96,42
org.eclipse.jdt.debug.ui.commands.StepIntoSelection,216,78
org.eclipse.jdt.ui.edit.text.java.search.declarations.in.project,241,140
org.eclipse.wst.sse.ui.generate.xml,171,85
org.eclipse.wst.sse.ui.format,369,279
org.eclipse.ui.edit.text.recenter,469,86
org.eclipse.datatools.sqltools.result.terminate,93,47
org.eclipse.compare.selectPreviousChange,314,92
org.eclipse.cdt.ui.edit.open.outline,845,270
org.eclipse.ui.task.import,7,6
org.eclipse.datatools.sqltools.sqleditor.DMLDialogSelectionAction,141,93
org.eclipse.datatools.sqltools.sqleditor.ExecuteSQLAction,1614,296
org.eclipse.ui.editors.revisions.id.toggle,9,5
org.eclipse.ui.help.tipsAndTricksAction,332,305
org.eclipse.jdt.ui.edit.text.java.search.declarations.in.hierarchy,51,29
org.eclipse.wst.xml.ui.previousSibling,208,74
org.eclipse.debug.ui.commands.OpenProfileConfigurations,86,46
org.eclipse.cdt.ui.edit.text.c.add.block.comment,352,105
org.eclipse.team.svn.ui.command.DisconnectCommand,220,129
org.eclipse.birt.report.designer.ui.command.insertGroupCommand,163,62
org.eclipse.birt.report.designer.ui.command.deleteRowCommand,177,56
org.eclipse.birt.report.designer.ui.command.editGroupCommand,124,35
org.eclipse.birt.report.debug.script.ScriptLaunchShortcut.debug,2,2
org.eclipse.team.svn.ui.command.ReplaceWithRevisionCommand,37,20
org.eclipse.datatools.sqltools.result.removeInstance,156,52
org.eclipse.ajdt.ui.navigate.open.type,14,8
org.eclipse.wst.xsl.debug.ui.launchshortcut.run,84,20
org.eclipse.dltk.ui.edit.text.script.rename.element,44,28
org.eclipse.jst.pagedesigner.horizotal,174,64
org.eclipse.jst.pagedesigner.design,344,69
org.eclipse.jdt.ui.correction.assignToField.assist,50,30
org.eclipse.ui.edit.text.shiftRight,799,224
org.eclipse.birt.report.designer.ui.command.deleteCommand,666,186
org.eclipse.ptp.debug.ui.PTPDebugPerspective,5,2
org.eclipse.debug.ui.commands.ToggleStepFilters,185,108
org.eclipse.jdt.debug.ui.commands.Execute,481,155
org.eclipse.team.svn.ui.command.TagCommand,131,58
org.eclipse.emf.search.ecore.common.ui.OpenFilteredEclassifierMetaElementsSelectionDialogCommand,3,2
org.eclipse.ui.edit.addBookmark,149,64
org.eclipse.mylyn.tasks.ui.command.openRemoteTask,148,84
org.eclipse.ui.query.import,4,4
org.eclipse.jdt.debug.ui.javaAppletShortcut.debug,144,69
org.eclipse.ajdt.launching.runShortcut.run,50,31
org.eclipse.ui.edit.text.folding.expand_all,464,151
org.eclipse.search.ui.performTextSearchWorkingSet,128,82
org.eclipse.cdt.debug.ui.SignalsView,1,1
org.eclipse.trace.ui.jUnitShortcut.profile,30,17
org.eclipse.ui.task.export,1,1
org.eclipse.ecf.presence.ui.commands.browse,85,68
org.eclipse.cdt.ui.edit.open.quick.macro.explorer,207,116
org.eclipse.team.svn.ui.command.MarkAsMergedCommand,80,48
org.eclipse.jdt.debug.ui.breakpoint.properties,208,97
org.eclipse.debug.ui.commands.SkipAllBreakpoints,209,74
org.eclipse.debug.ui.actions.WatchCommand,115,83
org.eclipse.pde.ui.junitWorkbenchShortcut.debug,28,16
org.eclipse.pde.ui.quickOutline,8,7
org.eclipse.compare.copyAllLeftToRight,386,57
org.eclipse.jdt.ui.edit.text.java.comment,21,6
org.eclipse.wst.jsdt.ui.edit.text.java.indent,112,42
org.eclipse.team.cvs.ui.setKeywordSubstitution,53,41
org.eclipse.jdt.ui.edit.text.java.push.down,80,59
org.eclipse.team.svn.ui.command.LockCommand,43,28
org.eclipse.ui.edit.text.cut.line,623,12
org.eclipse.ajdt.ui.visualiser.AspectVisualizationPerspective,7,7
org.eclipse.buckminster.ui.actions.OpenQueryAction,5,4
org.eclipse.jdt.debug.ui.commands.AddExceptionBreakpoint,100,77
org.eclipse.wst.jsdt.ui.edit.text.java.add.block.comment,73,28
org.eclipse.jdt.ui.refactor.migrate.jar,81,70
org.eclipse.ui.project.buildLast,64,18
org.eclipse.jdt.ui.edit.text.java.change.type,56,40
org.eclipse.wst.sse.ui.remove.block.comment,118,51
org.eclipse.datatools.connectivity.commands.showcategory,86,32
org.eclipse.ui.edit.text.select.columnPrevious,8,2
org.eclipse.ui.edit.text.select.columnNext,12,2
org.eclipse.jdt.ui.specific_content_assist.command,237,37
org.eclipse.ui.edit.text.showRulerContextMenu,367,255
org.eclipse.wst.jsdt.ui.edit.text.java.open.type.hierarchy,27,19
org.eclipse.ecf.ui.perspective.communications,3,3
org.eclipse.ant.ui.renameInFile,105,31
org.eclipse.jdt.ui.edit.text.java.self.encapsulate.field,406,137
org.eclipse.pde.ui.EquinoxLaunchShortcut.debug,45,8
org.eclipse.wst.jsdt.ui.edit.text.java.sort.members,4,4
org.eclipse.wst.jsdt.ui.edit.text.java.open.hierarchy,46,37
org.eclipse.wst.jsdt.ui.edit.text.java.search.references.in.workspace,18,10
org.eclipse.cdt.make.ui.targetBuildCommand,206,104
org.eclipse.ant.ui.antShortcutWithDialog.debug,138,57
org.eclipse.cdt.debug.ui.DisassemblyView,1,1
org.eclipse.team.svn.ui.command.SetKeywordsCommand,47,22
org.eclipse.team.svn.ui.command.CopyCommand,22,11
org.eclipse.team.svn.ui.command.CompareTwoSelectedRepositoryResourcesCommand,5,5
org.eclipse.birt.report.designer.ui.command.editStyleCommand,185,53
org.eclipse.birt.report.designer.ui.command.insertRowCommand,161,57
org.eclipse.birt.report.designer.ui.command.newStyleCommand,126,63
org.eclipse.php.ui.edit.text.show.phpdoc,14,12
org.eclipse.ui.navigate.goInto,6,5
org.eclipse.jdt.ui.edit.text.java.quick.format,163,83
org.eclipse.jdt.ui.edit.text.java.introduce.parameter.object,64,46
org.eclipse.php.debug.ui.PHPDebugPerspective,19,19
org.eclipse.wst.xsd.ui.refactor.makeElementGlobal,3,2
org.eclipse.birt.report.designer.ui.command.editBindingCommand,141,50
org.eclipse.birt.report.designer.ui.command.deleteGroupCommand,20,12
org.eclipse.jdt.junit.junitShortcut.rerunFailedFirst,347,129
org.eclipse.ui.editors.revisions.author.toggle,18,10
org.eclipse.jdt.ui.edit.text.java.use.supertype,47,33
org.eclipse.ui.window.previousEditor,170,76
org.eclipse.mylyn.tasks.ui.command.searchForTask,42,30
org.eclipse.datatools.connectivity.commands.export,42,29
org.eclipse.cdt.ui.edit.open.include.browser,100,77
org.eclipse.wst.xml.ui.gotoMatchingTag,113,30
org.eclipse.ui.window.showViewMenu,96,72
org.eclipse.ve.internal.java.core.vce.localJavaShortcut.debug,9,5
org.eclipse.cdt.ui.navigate.open.type.in.hierarchy,38,29
org.eclipse.jdt.ui.edit.text.java.search.write.access.in.project,28,14
org.eclipse.cdt.ui.edit.text.c.find.word,75,42
org.eclipse.team.svn.ui.command.CompareWithBranchCommand,30,19
org.eclipse.team.svn.ui.command.ReplaceWithTagCommand,17,11
org.eclipse.wst.jsdt.ui.edit.text.java.move.element,9,7
org.eclipse.cdt.ui.refactor.implement.method,279,115
org.eclipse.cdt.ui.refactor.hide.method,32,24
org.eclipse.ui.window.minimizePart,15,12
org.eclipse.datatools.sqltools.sqleditor.toggleCommentAction,31,16
org.eclipse.team.svn.ui.command.ExportCommand,49,18
org.eclipse.jdt.junit.gotoTest,82,69
org.eclipse.ui.ide.deleteCompleted,44,39
org.eclipse.php.server.ui.phpServerShortcut.debug,34,12
org.eclipse.ui.edit.text.delimiter.windows,64,39
org.eclipse.ant.ui.toggleMarkOccurrences,20,9
org.eclipse.mat.ui.openExternalFile,2,1
org.eclipse.cdt.ui.hover.backwardMacroExpansion,210,18
org.eclipse.cdt.ui.hover.forwardMacroExpansion,172,19
org.eclipse.wst.sse.ui.goto.matching.bracket,62,18
org.eclipse.ui.edit.text.deletePrevious,5984,45
org.eclipse.cdt.make.ui.targetCreateCommand,129,100
org.eclipse.wst.xsl.debug.ui.launchshortcut.debug,7,3
org.eclipse.jdt.ui.edit.text.java.search.implementors.in.project,32,20
org.eclipse.ui.edit.text.select.lineUp,170,6
org.eclipse.ui.ide.configureColumns,125,107
org.eclipse.imp.runtime.showOutlineCommand,2,1
org.eclipse.wst.xsd.ui.refactor.rename.element,131,49
org.eclipse.ui.ide.markCompleted,8,8
org.eclipse.cdt.ui.edit.text.c.goto.next.bookmark,46,10
org.eclipse.cdt.ui.refactor.getters.and.setters,120,79
org.eclipse.mylyn.tasks.ui.command.new.local.task,355,137
org.eclipse.rse.terminals.ui.actions.LaunchTerminalCommand,270,115
org.eclipse.jpt.ui.persistentAttributeMapAs,57,20
org.eclipse.dltk.tcl.ui.TclPerspective,1,1
org.eclipse.php.ui.edit.text.toggle.comment,99,14
org.eclipse.debug.ui.commands.ProfileLast,39,26
org.eclipse.team.svn.ui.command.UnlockCommand,65,41
org.eclipse.ui.forms.examples.singleHeader,10,2
org.eclipse.ui.forms.examples.simple,8,2
org.eclipse.ui.forms.examples.openDialog,6,2
org.eclipse.jdt.ui.edit.text.java.open.super.implementation,22,13
org.eclipse.mylyn.tasks.ui.command.attachment.openInDefaultEditor,8,6
org.eclipse.cdt.ui.refactor.extract.function,141,82
org.eclipse.cdt.ui.navigate.open.element.in.call.hierarchy,8,8
org.eclipse.mylyn.tasks.ui.command.markTaskComplete,229,109
org.eclipse.mylyn.context.ui.commands.task.attachContext,42,30
org.eclipse.cdt.ui.edit.text.c.goto.matching.bracket,1093,51
org.eclipse.jdt.ui.edit.text.remove.occurrence.annotations,38,26
org.eclipse.dltk.ruby.ui.navigate.open.type,2,2
org.eclipse.jdt.ui.edit.text.java.search.write.access.in.workspace,22,14
org.eclipse.cdt.ui.edit.text.c.remove.block.comment,79,26
org.eclipse.jdt.ui.edit.text.java.search.write.access.in.hierarchy,2,1
org.eclipse.ui.edit.text.delimiter.macOS9,8,7
org.eclipse.wst.sse.ui.structure.select.enclosing,160,41
org.eclipse.wst.jsdt.ui.edit.text.java.add.javadoc.comment,29,14
org.eclipse.wst.jsdt.ui.edit.text.java.search.declarations.in.workspace,44,24
org.eclipse.wst.jsdt.ui.edit.text.java.rename.element,89,52
org.eclipse.ui.file.closeOthers,28,2
org.eclipse.ltk.ui.refactor.apply.refactoring.script,16,14
org.eclipse.birt.report.designer.ui.command.refreshLibraryCommand,57,22
org.eclipse.wst.xsd.ui.refactor.makeTypeGlobal,8,7
org.eclipse.dltk.ui.edit.text.script.search.references.in.workspace,21,2
org.eclipse.rap.ui.launch.RAPJUnitLaunchShortcut.run,2,2
org.eclipse.debug.ui.commands.ToggleLineBreakpoint,58,44
org.eclipse.mylyn.tasks.bugs.commands.newTaskFromMarker,94,80
org.eclipse.birt.report.designer.ui.command.mergeCommand,289,47
org.eclipse.birt.report.designer.ui.command.splitCommand,15,10
org.eclipse.pdt.ui.edit.text.php.show.outline,23,12
org.eclipse.wst.sse.ui.search.find.occurrences,40,36
org.eclipse.mylyn.tasks.ui.command.markTaskIncomplete,11,11
org.eclipse.mylyn.tasks.ui.command.new.subtask,34,18
org.eclipse.wst.jsdt.ui.edit.text.java.select.next,41,7
org.eclipse.wst.jsdt.ui.edit.text.java.extract.method,3,2
org.eclipse.pde.ui.edit.text.format,12,9
org.eclipse.ecf.presence.ui.rosterCommand.1,13,12
org.eclipse.php.ui.edit.text.add.block.comment,4,4
org.eclipse.php.ui.edit.text.remove.block.comment,1,1
org.eclipse.team.cvs.ui.checkout,39,18
org.eclipse.ajdt.launching.runShortcut.debug,5,4
org.eclipse.contribution.xref.show.xref,7,4
org.eclipse.debug.ui.launchShortcuts.JtcApplicationLauncher.run,2,1
org.eclipse.ecf.presence.ui.rosterCommand.0,25,17
org.eclipse.mylyn.ui.context.capture.pause.command,1,1
org.eclipse.jwt.we.perspective,1,1
org.eclipse.jdt.debug.ui.commands.Watch,14,11
org.eclipse.jdt.ui.edit.text.java.search.declarations.in.working.set,14,13
org.eclipse.php.ui.edit.text.toggleMarkOccurrences,17,8
org.eclipse.stp.sca.promoteservice,4,3
org.eclipse.wst.xml.ui.referencedFileErrors,38,20
org.eclipse.php.deubg.ui.phpexeShortcut.run,57,26
org.eclipse.php.ui.navigate.open.type,24,16
org.eclipse.ui.edit.text.select.lineDown,950,7
org.eclipse.ui.edit.text.delete.line.to.beginning,15,1
org.eclipse.wst.jsdt.ui.edit.text.java.search.occurrences.in.file,1,1
org.eclipse.emf.ecoretools.diagram.updateDiagram,2,1
org.eclipse.mylyn.context.ui.commands.task.clearContext,13,12
org.eclipse.php.ui.edit.text.open.editor,2,1
org.eclipse.dltk.ui.edit.text.script.show.outline,20,4
org.eclipse.dltk.ui.edit.text.script.toggle.comment,96,15
org.eclipse.ui.edit.text.select.pageDown,8,2
org.eclipse.ui.edit.text.select.pageUp,1,1
org.eclipse.jdt.ui.navigate.gotopackage,11,9
org.eclipse.ant.ui.openExternalDoc,10,7
org.eclipse.wst.jsdt.ui.edit.text.java.clean.up,7,6
org.eclipse.jdt.ui.edit.text.java.search.read.access.in.workspace,14,8
org.eclipse.dltk.mylyn.ui.editor.folding.auto,5,2
org.eclipse.dltk.ui.edit.text.script.open.hierarchy,23,18
org.eclipse.jdt.ui.edit.text.java.show.in.package.view,11,4
org.eclipse.ptp.ui.PTPRunPerspective,1,1
org.eclipse.wst.jsdt.ui.refactor.create.refactoring.script,5,5
org.eclipse.ui.edit.text.goto.windowStart,1,1
org.eclipse.ui.edit.text.goto.windowEnd,2,2
org.eclipse.ui.window.hideShowEditors,27,9
org.eclipse.ui.navigate.forward,3,3
org.eclipse.ecf.filetransfer.ui.getFile,7,7
org.eclipse.jdt.ui.edit.text.java.uncomment,7,4
org.eclipse.jdt.ui.edit.text.java.search.method.exits,4,3
org.eclipse.ui.edit.text.removeTrailingWhitespace,94,11
org.eclipse.ecf.presence.ui.rosterCommand.4,4,4
org.eclipse.ecf.presence.ui.rosterCommand.12,1,1
org.eclipse.ecf.presence.ui.rosterCommand.20,1,1
org.eclipse.jdt.debug.ui.localJavaShortcut.profile,6,2
org.eclipse.uml2.search.common.ui.handlers.OpenFilteredUMLClassMetaElementSelectionDialogHandler,19,16
org.eclipse.php.ui.edit.text.php.open.call.hierarchy,24,18
org.eclipse.birt.report.designer.ui.command.reloadCssStyleCommand,27,4
org.eclipse.wst.jsdt.ui.edit.text.java.source.quickMenu,2,2
org.eclipse.wst.jsdt.ui.edit.text.java.select.last,2,2
org.eclipse.wst.jsdt.ui.correction.renameInFile.assist,11,3
org.eclipse.wst.jsdt.ui.edit.text.java.select.enclosing,6,2
org.eclipse.wst.jsdt.ui.edit.text.java.open.call.hierarchy,16,13
org.eclipse.ecf.presence.ui.rosterCommand.2,9,9
org.eclipse.jpt.ui.persistentTypeMapAs,9,7
org.eclipse.jpt.ui.persistentAttributeAddToXml,27,9
org.eclipse.linuxtools.changelog.core.actions.KeyActionCommand,52,5
org.eclipse.rse.shells.ui.actions.LaunchShellCommand,12,10
org.eclipse.ui.navigate.showIn,50,5
org.eclipse.datatools.sqltools.sqleditor.runAction,27,9
org.eclipse.datatools.sqltools.sqleditor.refreshFromDatabaseAction,6,2
org.eclipse.mylyn.context.ui.commands.task.copyContext,28,20
org.eclipse.cdt.make.ui.edit.text.makefile.comment,10,6
org.eclipse.team.svn.ui.command.CompareWithTagCommand,22,11
org.eclipse.mylyn.tasks.ui.command.attachment.openInBrowser,6,6
org.eclipse.debug.ui.commands.ToggleMethodBreakpoint,54,21
org.eclipse.wst.jsdt.ui.edit.text.java.goto.next.member,19,11
org.eclipse.cdt.debug.ui.command.openDisassembly,5,5
org.eclipse.jdt.ui.edit.text.java.search.exception.occurrences,2,2
org.eclipse.php.deubg.ui.phpexeShortcut.debug,25,17
org.eclipse.dltk.ruby.debug.ui.launchShortcut.debug,6,5
org.eclipse.ui.file.openWorkspace,3,1
org.eclipse.jdt.ui.correction.addThrowsDecl,1,1
org.eclipse.mylyn.context.ui.commands.attachment.retrieveContext,12,5
org.eclipse.cdt.ui.specific_content_assist.command,151,13
org.eclipse.wst.jsdt.ui.generate.javadoc,3,3
org.eclipse.jdt.ui.navigate.gototype,25,14
org.eclipse.spliteditor.commands.openMultiEditor,4,1
org.eclipse.jdt.ui.edit.text.java.search.implementors.in.working.set,1,1
org.eclipse.ui.navigate.up,2,1
org.eclipse.ecf.presence.ui.rosterCommand.3,3,3
org.eclipse.ecf.presence.ui.rosterCommand.5,3,3
org.eclipse.ecf.presence.ui.rosterCommand.6,3,3
org.eclipse.wst.jsdt.ui.edit.text.java.correction.assist.proposals,17,16
org.eclipse.dltk.ui.edit.text.script.open.type.hierarchy,10,7
org.eclipse.dltk.tcl.debug.ui.launchShortcut.run,19,4
org.eclipse.datatools.sqltools.sqleditor.saveAsTemplateAction,1,1
org.eclipse.dltk.ui.edit.text.script.goto.next.member,2,2
org.eclipse.birt.report.designer.ui.command.cutCommand,88,42
org.eclipse.mtj.launchShortcuts.run,28,7
org.eclipse.ui.editors.quickdiff.revert,1,1
org.eclipse.emf.search.ecore.common.ui.OpenFilteredEPackageMetaElementsSelectionDialogCommand,2,1
org.eclipse.jdt.ui.edit.text.java.search.read.access.in.project,10,8
org.eclipse.ecf.presence.ui.rosterCommand.23,1,1
org.eclipse.ui.examples.contributions.view.edit,7,1
org.eclipse.ui.examples.contributions.view.swap,1,1
org.eclipse.jdt.ui.correction.encapsulateField.assist,2,1
org.eclipse.wst.jsdt.ui.edit.text.java.search.references.in.project,2,1
org.eclipse.dltk.ui.edit.text.script.move.element,11,4
org.eclipse.mylyn.tasks.ui.command.markTaskUnread,12,7
org.eclipse.jdt.ui.correction.assignParamToField.assist,5,2
org.eclipse.uml2.diagram.profile.updateDiagram,2,1
org.eclipse.dltk.python.debug.ui.launchShortcut.debug,1,1
org.eclipse.jpt.ui.persistentAttributeAddToXmlAndMap,68,11
org.eclipse.wst.jsdt.ui.edit.text.java.quick.format,8,4
org.eclipse.dltk.testing.gotoTest,3,1
org.eclipse.wst.jsdt.ui.edit.text.java.copy.qualified.name,2,2
org.eclipse.wst.jsdt.ui.edit.text.java.modify.method.parameters,4,4
org.eclipse.wst.jsdt.ui.specific_content_assist.command,1,1
org.eclipse.ui.file.closePart,19,2
org.eclipse.wst.jsdt.ui.edit.text.java.select.previous,20,4
org.eclipse.uml2.diagram.activity.rotateJoin.id,2,2
org.eclipse.uml2.diagram.activity.rotateFork.id,2,2
org.eclipse.mylyn.tasks.ui.command.openSelectedTask,7,2
org.eclipse.jpt.ui.persistentTypeRemovePersistentClass,11,9
org.eclipse.wst.jsdt.ui.edit.text.java.refactor.quickMenu,4,4
org.eclipse.birt.report.item.crosstab.ui.createCube,3,3
org.eclipse.mylyn.tasks.ui.command.goToPreviousUnread,4,1
org.eclipse.mylyn.tasks.ui.command.goToNextUnread,8,1
org.eclipse.debug.ui.commands.Suspend,19,13
org.eclipse.dltk.testing.testingShortcut.rerunLast,1,1
org.eclipse.dltk.tcl.debug.ui.launchShortcut.debug,4,1
org.eclipse.jdt.ui.edit.text.java.search.read.access.in.working.set,1,1
org.eclipse.cdt.make.ui.edit.text.makefile.uncomment,1,1
org.eclipse.php.ui.navigate.open.type.in.hierarchy,1,1
org.eclipse.team.svn.ui.command.CompareRepositoryWithTagCommand,4,4
org.eclipse.mylyn.context.ui.commands.task.retrieveContext,28,5
org.eclipse.jdt.ui.correction.splitJoinVariableDeclaration.assist,2,1
org.eclipse.php.ui.edit.text.php.open.type.hierarchy,13,8
org.eclipse.wst.jsdt.ui.navigate.open.type.in.hierarchy,1,1
org.eclipse.wst.jsdt.ui.edit.text.java.goto.matching.bracket,44,3
org.eclipse.wst.jsdt.ui.edit.text.java.remove.block.comment,6,6
org.eclipse.jdt.junit.junitShortcut.profile,1,1
org.eclipse.php.ui.navigate.open.method,6,1
org.eclipse.contribution.xref.show.xref.view,3,3
org.eclipse.wst.jsdt.ui.edit.text.java.introduce.parameter,1,1
org.eclipse.dltk.javascript.debug.ui.launchShortcut.run,1,1
org.eclipse.jpt.ui.persistentAttributeRemoveFromXml,6,3
org.eclipse.ecf.presence.ui.rosterCommand.7,1,1
org.eclipse.ecf.presence.ui.rosterCommand.8,2,2
org.eclipse.wst.jsdt.ui.correction.assignToLocal.assist,1,1
org.eclipse.wst.wsdl.ui.refactor.rename.element,7,2
org.eclipse.wst.jsdt.ui.refactor.show.refactoring.history,1,1
org.eclipse.mylyn.web.open.browser.editor,3,2
org.eclipse.jpt.ui.entityMappingsAddPersistentClass,21,9
org.eclipse.mylyn.tasks.ui.command.markTaskReadGoToPreviousUnread,18,1
org.eclipse.stp.sca.promotereference,1,1
org.eclipse.mylyn.tasks.ui.command.task.clearOutgoing,2,1
org.eclipse.php.ui.edit.OpenFunctionsManualAction,12,9
org.eclipse.jst.jsp.ui.refactor.move,4,4
org.eclipse.jdt.ui.edit.text.java.search.write.access.in.working.set,1,1
org.eclipse.pde.ui.runtimeWorkbenchShortcut.profile,1,1
org.eclipse.ecf.presence.ui.rosterCommand.13,1,1
org.eclipse.ecf.presence.ui.rosterCommand.36,1,1
org.eclipse.ecf.presence.ui.rosterCommand.40,1,1
org.eclipse.php.ui.edit.text.add.description,3,3
org.eclipse.birt.report.designer.ui.command.resetImageSizeCommand,2,2
org.eclipse.php.deubg.ui.phpexeShortcut.profile,2,2
org.eclipse.ui.edit.text.toggleColumnMode,2,2
org.eclipse.jet.ui.shortcut1.run,2,2
org.eclipse.emf.mint.ui.source.CustomizeGeneratedMethodCommand,1,1
org.eclipse.wst.jsdt.ui.edit.text.java.goto.previous.member,1,1
org.eclipse.jwt.we.showPropertiesViewCommand,1,1
org.eclipse.trace.ui.jUnitPluginShortcut.profile,1,1
org.eclipse.photran.ui.CommentCommand,7,4
org.eclipse.datatools.sqltools.sqleditor.saveToDatabaseAction,6,3
org.eclipse.ui.navigate.addToWorkingSet,1,1
org.eclipse.uml2.diagram.activity.updateDiagram,1,1
org.eclipse.photran.debug.ui.localCShortcut.debug,3,2
org.eclipse.wst.jsdt.ui.edit.text.java.extract.local.variable,1,1
org.eclipse.dltk.ui.edit.text.script.indent,3,1
org.eclipse.photran.debug.ui.localCShortcut.run,8,4
org.eclipse.cdt.ui.edit.text.c.refactor.undo,1,1
org.eclipse.birt.report.designer.ui.command.copyCellContentsCommand,1,1
org.eclipse.pde.ui.runtimeProfileWorkbenchShortcut.com.instantiations.profiler.launching.profile,1,1
org.eclipse.photran.ui.vpg.FortranFindReferencesProjectCommand,1,1
org.eclipse.dltk.ui.specific_content_assist.command,1,1
org.eclipse.ptp.pldt.openmp.core.command2,4,1
org.eclipse.jwt.we.newCommand,1,1
org.eclipse.m2m.qvt.oml.editor.ui.openDecl,1,1
org.eclipse.photran.ui.OpenDeclarationCommand,2,1
org.eclipse.dltk.python.debug.ui.launchShortcut.run,31,1
org.eclipse.dltk.ui.edit.text.script.search.references.in.project,2,1
org.eclipse.mtj.jadLaunchShortcuts.run,26,1
org.eclipse.jwt.we.newProcessCommand,1,1